{"cameraMode":{"drawMode":0,"name":"Shaded","section":"Shading Mode"},"sceneLighting":true,"audioPlay":false,"sceneViewState":{"m_AlwaysRefresh":false,"showFog":true,"showSkybox":true,"showFlares":true,"showImageEffects":true,"showParticleSystems":true,"showVisualEffectGraphs":true,"m_FxEnabled":true},"in2DMode":false,"pivot":{"x":-1.0170049667358399,"y":-2.089662790298462,"z":-0.08253616839647293},"rotation":{"x":0.2606809735298157,"y":-0.22618725895881654,"z":0.06296434253454209,"w":0.9364422559738159},"size":4.764149188995361,"orthographic":true}