{"cameraMode":{"drawMode":0,"name":"Shaded","section":"Shading Mode"},"sceneLighting":true,"audioPlay":false,"sceneViewState":{"m_AlwaysRefresh":false,"showFog":true,"showSkybox":true,"showFlares":true,"showImageEffects":true,"showParticleSystems":true,"showVisualEffectGraphs":true,"m_FxEnabled":true},"in2DMode":false,"pivot":{"x":47.24638748168945,"y":11.215492248535157,"z":36.853797912597659},"rotation":{"x":0.4180345833301544,"y":0.12739235162734986,"z":-0.05933678522706032,"w":0.8974958658218384},"size":0.2043066918849945,"orthographic":false}