Unity Editor version:    2022.3.1f1 (f18e0c1b5784)
Branch:                  2022.3/staging
Build type:              Release
Batch mode:              YES
macOS version:           Version 15.4 (Build 24E248)
Darwin version:          24.4.0
Architecture:            x86_64
Running under Rosetta:   NO
Available memory:        8192 MB
Using pre-set license
Pro License: YES

COMMAND LINE ARGUMENTS:
/Applications/Unity/Hub/Editor/2022.3.1f1/Unity.app/Contents/MacOS/Unity
-adb2
-batchMode
-noUpm
-name
AssetImportWorker0
-projectPath
/Users/jasonlin778/Desktop/20250829MahjongGame
-logFile
Logs/AssetImportWorker0.log
-srvPort
49817
Successfully changed project path to: /Users/jasonlin778/Desktop/20250829MahjongGame
/Users/jasonlin778/Desktop/20250829MahjongGame
[UnityMemory] Configuration Parameters - Can be set up in boot.config
    "memorysetup-bucket-allocator-granularity=16"
    "memorysetup-bucket-allocator-bucket-count=8"
    "memorysetup-bucket-allocator-block-size=33554432"
    "memorysetup-bucket-allocator-block-count=8"
    "memorysetup-main-allocator-block-size=16777216"
    "memorysetup-thread-allocator-block-size=16777216"
    "memorysetup-gfx-main-allocator-block-size=16777216"
    "memorysetup-gfx-thread-allocator-block-size=16777216"
    "memorysetup-cache-allocator-block-size=4194304"
    "memorysetup-typetree-allocator-block-size=2097152"
    "memorysetup-profiler-bucket-allocator-granularity=16"
    "memorysetup-profiler-bucket-allocator-bucket-count=8"
    "memorysetup-profiler-bucket-allocator-block-size=33554432"
    "memorysetup-profiler-bucket-allocator-block-count=8"
    "memorysetup-profiler-allocator-block-size=16777216"
    "memorysetup-profiler-editor-allocator-block-size=1048576"
    "memorysetup-temp-allocator-size-main=16777216"
    "memorysetup-job-temp-allocator-block-size=2097152"
    "memorysetup-job-temp-allocator-block-size-background=1048576"
    "memorysetup-job-temp-allocator-reduction-small-platforms=262144"
    "memorysetup-allocator-temp-initial-block-size-main=262144"
    "memorysetup-allocator-temp-initial-block-size-worker=262144"
    "memorysetup-temp-allocator-size-background-worker=32768"
    "memorysetup-temp-allocator-size-job-worker=262144"
    "memorysetup-temp-allocator-size-preload-manager=33554432"
    "memorysetup-temp-allocator-size-nav-mesh-worker=65536"
    "memorysetup-temp-allocator-size-audio-worker=65536"
    "memorysetup-temp-allocator-size-cloud-worker=32768"
    "memorysetup-temp-allocator-size-gi-baking-worker=262144"
    "memorysetup-temp-allocator-size-gfx=262144"
Player connection [140704441895744] Host "[IP] 192.168.0.11 [Port] 0 [Flags] 2 [Guid] 1841465502 [EditorId] 1841465502 [Version] 1048832 [Id] OSXEditor(0,MacBookPro.hitronhub.home) [Debug] 1 [PackageName] OSXEditor [ProjectName] Editor" joined multi-casting on [225.0.0.222:54997]...

Player connection [140704441895744] Host "[IP] 192.168.0.11 [Port] 0 [Flags] 2 [Guid] 1841465502 [EditorId] 1841465502 [Version] 1048832 [Id] OSXEditor(0,MacBookPro.hitronhub.home) [Debug] 1 [PackageName] OSXEditor [ProjectName] Editor" joined alternative multi-casting on [225.0.0.222:34997]...

Refreshing native plugins compatible for Editor in 19.48 ms, found 2 plugins.
Preloading 0 native plugins for Editor in 0.00 ms.
Initialize engine version: 2022.3.1f1 (f18e0c1b5784)
[Subsystems] Discovering subsystems at path /Applications/Unity/Hub/Editor/2022.3.1f1/Unity.app/Contents/Resources/UnitySubsystems
[Subsystems] Discovering subsystems at path /Users/jasonlin778/Desktop/20250829MahjongGame/Assets
GfxDevice: creating device client; threaded=0; jobified=0
Color LCD preferred device: Intel(R) Iris(TM) Plus Graphics 645 (low power)
Metal devices available: 1
0: Intel(R) Iris(TM) Plus Graphics 645 (low power)
Using device Intel(R) Iris(TM) Plus Graphics 645 (low power)
Initializing Metal device caps: Intel(R) Iris(TM) Plus Graphics 645
Initialize mono
Mono path[0] = '/Applications/Unity/Hub/Editor/2022.3.1f1/Unity.app/Contents/Managed'
Mono path[1] = '/Applications/Unity/Hub/Editor/2022.3.1f1/Unity.app/Contents/MonoBleedingEdge/lib/mono/unityjit-macos'
Mono config path = '/Applications/Unity/Hub/Editor/2022.3.1f1/Unity.app/Contents/MonoBleedingEdge/etc'
Using monoOptions --debugger-agent=transport=dt_socket,embedding=1,server=y,suspend=n,address=127.0.0.1:56968
Begin MonoManager ReloadAssembly
Registering precompiled unity dll's ...
Register platform support module: /Applications/Unity/Hub/Editor/2022.3.1f1/PlaybackEngines/WebGLSupport/UnityEditor.WebGL.Extensions.dll
Register platform support module: /Applications/Unity/Hub/Editor/2022.3.1f1/Unity.app/Contents/PlaybackEngines/MacStandaloneSupport/UnityEditor.OSXStandalone.Extensions.dll
Register platform support module: /Applications/Unity/Hub/Editor/2022.3.1f1/PlaybackEngines/AndroidPlayer/UnityEditor.Android.Extensions.dll
Register platform support module: /Applications/Unity/Hub/Editor/2022.3.1f1/PlaybackEngines/WindowsStandaloneSupport/UnityEditor.WindowsStandalone.Extensions.dll
Registered in 0.005072 seconds.
- Loaded All Assemblies, in  1.060 seconds
Native extension for WindowsStandalone target not found
Native extension for Android target not found
Android Extension - Scanning For ADB Devices 902 ms
Native extension for OSXStandalone target not found
Native extension for WebGL target not found
Mono: successfully reloaded assembly
- Finished resetting the current domain, in  1.669 seconds
Domain Reload Profiling: 2728ms
	BeginReloadAssembly (315ms)
		ExecutionOrderSort (0ms)
		DisableScriptedObjects (0ms)
		BackupInstance (0ms)
		ReleaseScriptingObjects (0ms)
		CreateAndSetChildDomain (2ms)
	RebuildCommonClasses (111ms)
	RebuildNativeTypeToScriptingClass (29ms)
	initialDomainReloadingComplete (152ms)
	LoadAllAssembliesAndSetupDomain (452ms)
		LoadAssemblies (319ms)
		RebuildTransferFunctionScriptingTraits (0ms)
		AnalyzeDomain (438ms)
			TypeCache.Refresh (435ms)
				TypeCache.ScanAssembly (373ms)
			ScanForSourceGeneratedMonoScriptInfo (1ms)
			ResolveRequiredComponents (2ms)
	FinalizeReload (1669ms)
		ReleaseScriptCaches (0ms)
		RebuildScriptCaches (0ms)
		SetupLoadedEditorAssemblies (1526ms)
			LogAssemblyErrors (0ms)
			InitializePlatformSupportModulesInManaged (1202ms)
			SetLoadedEditorAssemblies (9ms)
			RefreshPlugins (0ms)
			BeforeProcessingInitializeOnLoad (8ms)
			ProcessInitializeOnLoadAttributes (182ms)
			ProcessInitializeOnLoadMethodAttributes (125ms)
			AfterProcessingInitializeOnLoad (0ms)
			EditorAssembliesLoaded (0ms)
		ExecutionOrderSort2 (0ms)
		AwakeInstancesAfterBackupRestoration (0ms)
========================================================================
Worker process is ready to serve import requests
Begin MonoManager ReloadAssembly
Symbol file LoadedFromMemory doesn't match image /Users/jasonlin778/Desktop/20250829MahjongGame/Library/PackageCache/com.unity.visualscripting@1.8.0/Editor/VisualScripting.Core/Dependencies/YamlDotNet/Unity.VisualScripting.YamlDotNet.dll
Symbol file LoadedFromMemory doesn't match image /Users/jasonlin778/Desktop/20250829MahjongGame/Library/PackageCache/com.unity.visualscripting@1.8.0/Editor/VisualScripting.Core/Dependencies/DotNetZip/Unity.VisualScripting.IonicZip.dll
- Loaded All Assemblies, in  1.482 seconds
Refreshing native plugins compatible for Editor in 1.41 ms, found 2 plugins.
Native extension for WindowsStandalone target not found
Native extension for Android target not found
Native extension for OSXStandalone target not found
Native extension for WebGL target not found
Mono: successfully reloaded assembly
- Finished resetting the current domain, in  1.021 seconds
Domain Reload Profiling: 2504ms
	BeginReloadAssembly (266ms)
		ExecutionOrderSort (0ms)
		DisableScriptedObjects (10ms)
		BackupInstance (0ms)
		ReleaseScriptingObjects (0ms)
		CreateAndSetChildDomain (68ms)
	RebuildCommonClasses (77ms)
	RebuildNativeTypeToScriptingClass (24ms)
	initialDomainReloadingComplete (81ms)
	LoadAllAssembliesAndSetupDomain (1034ms)
		LoadAssemblies (459ms)
		RebuildTransferFunctionScriptingTraits (0ms)
		AnalyzeDomain (690ms)
			TypeCache.Refresh (656ms)
				TypeCache.ScanAssembly (629ms)
			ScanForSourceGeneratedMonoScriptInfo (27ms)
			ResolveRequiredComponents (7ms)
	FinalizeReload (1021ms)
		ReleaseScriptCaches (0ms)
		RebuildScriptCaches (0ms)
		SetupLoadedEditorAssemblies (736ms)
			LogAssemblyErrors (0ms)
			InitializePlatformSupportModulesInManaged (42ms)
			SetLoadedEditorAssemblies (7ms)
			RefreshPlugins (0ms)
			BeforeProcessingInitializeOnLoad (88ms)
			ProcessInitializeOnLoadAttributes (568ms)
			ProcessInitializeOnLoadMethodAttributes (30ms)
			AfterProcessingInitializeOnLoad (1ms)
			EditorAssembliesLoaded (0ms)
		ExecutionOrderSort2 (0ms)
		AwakeInstancesAfterBackupRestoration (6ms)
Launching external process: /Applications/Unity/Hub/Editor/2022.3.1f1/Unity.app/Contents/Tools/UnityShaderCompiler
Launched and connected shader compiler UnityShaderCompiler after 0.18 seconds
Refreshing native plugins compatible for Editor in 2.43 ms, found 2 plugins.
Preloading 0 native plugins for Editor in 0.00 ms.
Unloading 3228 Unused Serialized files (Serialized files now loaded: 0)
Unloading 30 unused Assets / (52.0 KB). Loaded Objects now: 3696.
Memory consumption went from 135.7 MB to 135.6 MB.
Total: 8.295525 ms (FindLiveObjects: 0.408137 ms CreateObjectMapping: 0.293639 ms MarkObjects: 6.632912 ms  DeleteObjects: 0.958716 ms)

AssetImportParameters requested are different than current active one (requested -> active):
  custom:container-demuxer-ogg: 62fdf1f143b41e24485cea50d1cbac27 -> 
  custom:video-decoder-ogg-theora: a1e56fd34408186e4bbccfd4996cb3dc -> 
  custom:container-demuxer-webm: 4f35f7cbe854078d1ac9338744f61a02 -> 
  custom:container-muxer-webm: aa71ff27fc2769a1b78a27578f13a17b -> 
  custom:video-decoder-webm-vp8: 9c59270c3fd7afecdb556c50c9e8de78 -> 
  custom:AudioImporter_EditorPlatform: 3918e3fc78b5a79bad01e8451be0beb8 -> 
  custom:framework-osx-AVFoundation: e770b220cccbd017edd2c1fefb359320 -> 
  custom:video-encoder-webm-vp8: eb34c28f22e8b96e1ab97ce403110664 -> 
  custom:audio-decoder-ogg-vorbis: bf7c407c2cedff20999df2af8eb42d56 -> 
  custom:audio-encoder-webm-vorbis: bf7c407c2cedff20999df2af8eb42d56 -> 
  custom:scripting/precompiled-assembly-types:Assembly-CSharp: b6463b83c5d32687b62ee4c56ea3942f -> 6540854932dffbb4994575d54cc7de28
  custom:scripting/monoscript/fileName/GM.cs:  -> 5284b3155d3a69d0129f6a9bfed0edc9
========================================================================
Received Prepare
Begin MonoManager ReloadAssembly
Symbol file LoadedFromMemory doesn't match image /Users/jasonlin778/Desktop/20250829MahjongGame/Library/PackageCache/com.unity.visualscripting@1.8.0/Editor/VisualScripting.Core/Dependencies/YamlDotNet/Unity.VisualScripting.YamlDotNet.dll
Symbol file LoadedFromMemory doesn't match image /Users/jasonlin778/Desktop/20250829MahjongGame/Library/PackageCache/com.unity.visualscripting@1.8.0/Editor/VisualScripting.Core/Dependencies/DotNetZip/Unity.VisualScripting.IonicZip.dll
- Loaded All Assemblies, in  2.263 seconds
Refreshing native plugins compatible for Editor in 2.34 ms, found 2 plugins.
Native extension for WindowsStandalone target not found
Native extension for Android target not found
Native extension for OSXStandalone target not found
Native extension for WebGL target not found
Mono: successfully reloaded assembly
- Finished resetting the current domain, in  1.821 seconds
Domain Reload Profiling: 4085ms
	BeginReloadAssembly (346ms)
		ExecutionOrderSort (0ms)
		DisableScriptedObjects (11ms)
		BackupInstance (0ms)
		ReleaseScriptingObjects (0ms)
		CreateAndSetChildDomain (136ms)
	RebuildCommonClasses (101ms)
	RebuildNativeTypeToScriptingClass (41ms)
	initialDomainReloadingComplete (64ms)
	LoadAllAssembliesAndSetupDomain (1710ms)
		LoadAssemblies (611ms)
		RebuildTransferFunctionScriptingTraits (0ms)
		AnalyzeDomain (1231ms)
			TypeCache.Refresh (1218ms)
				TypeCache.ScanAssembly (1012ms)
			ScanForSourceGeneratedMonoScriptInfo (0ms)
			ResolveRequiredComponents (14ms)
	FinalizeReload (1822ms)
		ReleaseScriptCaches (0ms)
		RebuildScriptCaches (0ms)
		SetupLoadedEditorAssemblies (1137ms)
			LogAssemblyErrors (0ms)
			InitializePlatformSupportModulesInManaged (60ms)
			SetLoadedEditorAssemblies (12ms)
			RefreshPlugins (0ms)
			BeforeProcessingInitializeOnLoad (122ms)
			ProcessInitializeOnLoadAttributes (866ms)
			ProcessInitializeOnLoadMethodAttributes (74ms)
			AfterProcessingInitializeOnLoad (2ms)
			EditorAssembliesLoaded (0ms)
		ExecutionOrderSort2 (0ms)
		AwakeInstancesAfterBackupRestoration (7ms)
Refreshing native plugins compatible for Editor in 1.91 ms, found 2 plugins.
Preloading 0 native plugins for Editor in 0.00 ms.
Unloading 3216 Unused Serialized files (Serialized files now loaded: 0)
Unloading 21 unused Assets / (30.5 KB). Loaded Objects now: 3699.
Memory consumption went from 136.5 MB to 136.5 MB.
Total: 6.449704 ms (FindLiveObjects: 0.692199 ms CreateObjectMapping: 0.349790 ms MarkObjects: 5.347990 ms  DeleteObjects: 0.058316 ms)

Prepare: number of updated asset objects reloaded= 0
AssetImportParameters requested are different than current active one (requested -> active):
  custom:container-demuxer-ogg: 62fdf1f143b41e24485cea50d1cbac27 -> 
  custom:video-decoder-ogg-theora: a1e56fd34408186e4bbccfd4996cb3dc -> 
  custom:container-demuxer-webm: 4f35f7cbe854078d1ac9338744f61a02 -> 
  custom:container-muxer-webm: aa71ff27fc2769a1b78a27578f13a17b -> 
  custom:video-decoder-webm-vp8: 9c59270c3fd7afecdb556c50c9e8de78 -> 
  custom:AudioImporter_EditorPlatform: 3918e3fc78b5a79bad01e8451be0beb8 -> 
  custom:framework-osx-AVFoundation: e770b220cccbd017edd2c1fefb359320 -> 
  custom:video-encoder-webm-vp8: eb34c28f22e8b96e1ab97ce403110664 -> 
  custom:audio-decoder-ogg-vorbis: bf7c407c2cedff20999df2af8eb42d56 -> 
  custom:audio-encoder-webm-vorbis: bf7c407c2cedff20999df2af8eb42d56 -> 
========================================================================
Received Prepare
Begin MonoManager ReloadAssembly
Symbol file LoadedFromMemory doesn't match image /Users/jasonlin778/Desktop/20250829MahjongGame/Library/PackageCache/com.unity.visualscripting@1.8.0/Editor/VisualScripting.Core/Dependencies/YamlDotNet/Unity.VisualScripting.YamlDotNet.dll
Symbol file LoadedFromMemory doesn't match image /Users/jasonlin778/Desktop/20250829MahjongGame/Library/PackageCache/com.unity.visualscripting@1.8.0/Editor/VisualScripting.Core/Dependencies/DotNetZip/Unity.VisualScripting.IonicZip.dll
- Loaded All Assemblies, in  1.348 seconds
Refreshing native plugins compatible for Editor in 1.58 ms, found 2 plugins.
Native extension for WindowsStandalone target not found
Native extension for Android target not found
Native extension for OSXStandalone target not found
Native extension for WebGL target not found
Mono: successfully reloaded assembly
- Finished resetting the current domain, in  1.575 seconds
Domain Reload Profiling: 2923ms
	BeginReloadAssembly (354ms)
		ExecutionOrderSort (0ms)
		DisableScriptedObjects (35ms)
		BackupInstance (0ms)
		ReleaseScriptingObjects (0ms)
		CreateAndSetChildDomain (147ms)
	RebuildCommonClasses (53ms)
	RebuildNativeTypeToScriptingClass (15ms)
	initialDomainReloadingComplete (37ms)
	LoadAllAssembliesAndSetupDomain (888ms)
		LoadAssemblies (451ms)
		RebuildTransferFunctionScriptingTraits (0ms)
		AnalyzeDomain (534ms)
			TypeCache.Refresh (522ms)
				TypeCache.ScanAssembly (490ms)
			ScanForSourceGeneratedMonoScriptInfo (5ms)
			ResolveRequiredComponents (7ms)
	FinalizeReload (1575ms)
		ReleaseScriptCaches (0ms)
		RebuildScriptCaches (0ms)
		SetupLoadedEditorAssemblies (446ms)
			LogAssemblyErrors (0ms)
			InitializePlatformSupportModulesInManaged (32ms)
			SetLoadedEditorAssemblies (6ms)
			RefreshPlugins (0ms)
			BeforeProcessingInitializeOnLoad (64ms)
			ProcessInitializeOnLoadAttributes (320ms)
			ProcessInitializeOnLoadMethodAttributes (24ms)
			AfterProcessingInitializeOnLoad (1ms)
			EditorAssembliesLoaded (0ms)
		ExecutionOrderSort2 (0ms)
		AwakeInstancesAfterBackupRestoration (5ms)
Refreshing native plugins compatible for Editor in 1.69 ms, found 2 plugins.
Preloading 0 native plugins for Editor in 0.00 ms.
Unloading 3216 Unused Serialized files (Serialized files now loaded: 0)
Unloading 21 unused Assets / (30.6 KB). Loaded Objects now: 3702.
Memory consumption went from 140.6 MB to 140.5 MB.
Total: 4.372351 ms (FindLiveObjects: 0.305349 ms CreateObjectMapping: 0.227652 ms MarkObjects: 3.756259 ms  DeleteObjects: 0.081961 ms)

Prepare: number of updated asset objects reloaded= 0
AssetImportParameters requested are different than current active one (requested -> active):
  custom:container-demuxer-ogg: 62fdf1f143b41e24485cea50d1cbac27 -> 
  custom:video-decoder-ogg-theora: a1e56fd34408186e4bbccfd4996cb3dc -> 
  custom:container-demuxer-webm: 4f35f7cbe854078d1ac9338744f61a02 -> 
  custom:container-muxer-webm: aa71ff27fc2769a1b78a27578f13a17b -> 
  custom:video-decoder-webm-vp8: 9c59270c3fd7afecdb556c50c9e8de78 -> 
  custom:AudioImporter_EditorPlatform: 3918e3fc78b5a79bad01e8451be0beb8 -> 
  custom:framework-osx-AVFoundation: e770b220cccbd017edd2c1fefb359320 -> 
  custom:video-encoder-webm-vp8: eb34c28f22e8b96e1ab97ce403110664 -> 
  custom:audio-decoder-ogg-vorbis: bf7c407c2cedff20999df2af8eb42d56 -> 
  custom:audio-encoder-webm-vorbis: bf7c407c2cedff20999df2af8eb42d56 -> 
========================================================================
Received Import Request.
  Time since last request: 460756.075532 seconds.
  path: Assets/PolygonPrototype/Prefabs/Characters/Character_Male_NoFace_01.prefab
  artifactKey: Guid(1617cfd7d856042459cec623d111378d) Importer(815301076,1909f56bfc062723c751e8b465ee728b)
Start importing Assets/PolygonPrototype/Prefabs/Characters/Character_Male_NoFace_01.prefab using Guid(1617cfd7d856042459cec623d111378d) Importer(815301076,1909f56bfc062723c751e8b465ee728b)  -> (artifact id: '1fe07c02ab54755e81762b1f42354e56') in 3.465658 seconds
Number of updated asset objects reloaded before import = 0
Number of asset objects unloaded after import = 136
========================================================================
Received Import Request.
  Time since last request: 0.000354 seconds.
  path: Assets/PolygonPrototype/Prefabs/Buildings/Simple/SM_Buildings_Door_01.prefab
  artifactKey: Guid(f01cdc6f362babd47ada234fc65a0401) Importer(815301076,1909f56bfc062723c751e8b465ee728b)
Start importing Assets/PolygonPrototype/Prefabs/Buildings/Simple/SM_Buildings_Door_01.prefab using Guid(f01cdc6f362babd47ada234fc65a0401) Importer(815301076,1909f56bfc062723c751e8b465ee728b)  -> (artifact id: '5a0bd81e246a6b5c8eed585d0117bc26') in 0.758633 seconds
Number of updated asset objects reloaded before import = 0
Number of asset objects unloaded after import = 10
========================================================================
Received Import Request.
  Time since last request: 0.001444 seconds.
  path: Assets/PolygonPrototype/Prefabs/FX/Fire_01_FX.prefab
  artifactKey: Guid(118e3f56a5212e849882f9a2fccadda7) Importer(815301076,1909f56bfc062723c751e8b465ee728b)
Start importing Assets/PolygonPrototype/Prefabs/FX/Fire_01_FX.prefab using Guid(118e3f56a5212e849882f9a2fccadda7) Importer(815301076,1909f56bfc062723c751e8b465ee728b)  -> (artifact id: 'fa94b22af5a8a6a1c7e6d4b7e0c3362f') in 0.093628 seconds
Number of updated asset objects reloaded before import = 0
Number of asset objects unloaded after import = 7
========================================================================
Received Import Request.
  Time since last request: 0.000114 seconds.
  path: Assets/PolygonPrototype/Models/SM_Buildings_Column_2x3_01.fbx
  artifactKey: Guid(b45e496b386039141af15f243dd3ac22) Importer(815301076,1909f56bfc062723c751e8b465ee728b)
Start importing Assets/PolygonPrototype/Models/SM_Buildings_Column_2x3_01.fbx using Guid(b45e496b386039141af15f243dd3ac22) Importer(815301076,1909f56bfc062723c751e8b465ee728b)  -> (artifact id: '4a621393317672124a6b95784afac948') in 0.167689 seconds
Number of updated asset objects reloaded before import = 0
Number of asset objects unloaded after import = 7
========================================================================
Received Import Request.
  Time since last request: 0.039106 seconds.
  path: Assets/PolygonPrototype/Models/SM_Buildings_Column_2x3_01P.fbx
  artifactKey: Guid(e939321fba13eac4e8154147baf7b90f) Importer(815301076,1909f56bfc062723c751e8b465ee728b)
Start importing Assets/PolygonPrototype/Models/SM_Buildings_Column_2x3_01P.fbx using Guid(e939321fba13eac4e8154147baf7b90f) Importer(815301076,1909f56bfc062723c751e8b465ee728b)  -> (artifact id: '3612246ad77abd5ba584de9f5c2f20a7') in 0.054341 seconds
Number of updated asset objects reloaded before import = 0
Number of asset objects unloaded after import = 7
========================================================================
Received Import Request.
  Time since last request: 0.000097 seconds.
  path: Assets/PolygonPrototype/Models/SM_Buildings_Door_01P.fbx
  artifactKey: Guid(8dd0cf6ebf9ba9b4fb214e7bf6bda493) Importer(815301076,1909f56bfc062723c751e8b465ee728b)
Start importing Assets/PolygonPrototype/Models/SM_Buildings_Door_01P.fbx using Guid(8dd0cf6ebf9ba9b4fb214e7bf6bda493) Importer(815301076,1909f56bfc062723c751e8b465ee728b)  -> (artifact id: 'e123f659767ff36dd28a1aab0cf1a73a') in 0.064641 seconds
Number of updated asset objects reloaded before import = 0
Number of asset objects unloaded after import = 7
========================================================================
Received Import Request.
  Time since last request: 0.000133 seconds.
  path: Assets/PolygonPrototype/Prefabs/Buildings/Simple/SM_Buildings_Column_2x3_01.prefab
  artifactKey: Guid(7a452e5924cd9994487b6bf6e78c5b14) Importer(815301076,1909f56bfc062723c751e8b465ee728b)
Start importing Assets/PolygonPrototype/Prefabs/Buildings/Simple/SM_Buildings_Column_2x3_01.prefab using Guid(7a452e5924cd9994487b6bf6e78c5b14) Importer(815301076,1909f56bfc062723c751e8b465ee728b)  -> (artifact id: '9d84d39543b3cf325df92e19731ffc93') in 0.032850 seconds
Number of updated asset objects reloaded before import = 0
Number of asset objects unloaded after import = 10
========================================================================
Received Import Request.
  Time since last request: 0.000099 seconds.
  path: Assets/PolygonPrototype/Models/SM_Buildings_Column_1x3_01P.fbx
  artifactKey: Guid(2efeb3cf1e1bb324ea1451eb66da2407) Importer(815301076,1909f56bfc062723c751e8b465ee728b)
Start importing Assets/PolygonPrototype/Models/SM_Buildings_Column_1x3_01P.fbx using Guid(2efeb3cf1e1bb324ea1451eb66da2407) Importer(815301076,1909f56bfc062723c751e8b465ee728b)  -> (artifact id: '1244e69d9b3bbb7d019e330ede4007d0') in 0.041865 seconds
Number of updated asset objects reloaded before import = 0
Number of asset objects unloaded after import = 7
========================================================================
Received Import Request.
  Time since last request: 0.000189 seconds.
  path: Assets/PolygonPrototype/Prefabs/Buildings/Simple/SM_Buildings_DoorFrame_01.prefab
  artifactKey: Guid(08359538d5ddc2841a5e2aa95189861b) Importer(815301076,1909f56bfc062723c751e8b465ee728b)
Start importing Assets/PolygonPrototype/Prefabs/Buildings/Simple/SM_Buildings_DoorFrame_01.prefab using Guid(08359538d5ddc2841a5e2aa95189861b) Importer(815301076,1909f56bfc062723c751e8b465ee728b)  -> (artifact id: '2d48876dac8d0781ed6537b974cdfb95') in 0.028951 seconds
Number of updated asset objects reloaded before import = 0
Number of asset objects unloaded after import = 10
========================================================================
Received Import Request.
  Time since last request: 0.000099 seconds.
  path: Assets/PolygonPrototype/Prefabs/Buildings/Polygon/SM_Buildings_Door_01P.prefab
  artifactKey: Guid(e025362a5346a474ba28d4f1c1eee293) Importer(815301076,1909f56bfc062723c751e8b465ee728b)
Start importing Assets/PolygonPrototype/Prefabs/Buildings/Polygon/SM_Buildings_Door_01P.prefab using Guid(e025362a5346a474ba28d4f1c1eee293) Importer(815301076,1909f56bfc062723c751e8b465ee728b)  -> (artifact id: '3063d659a792dffe3fc77dcbd67a055c') in 0.036035 seconds
Number of updated asset objects reloaded before import = 0
Number of asset objects unloaded after import = 11
========================================================================
Received Import Request.
  Time since last request: 0.000117 seconds.
  path: Assets/PolygonPrototype/Models/FixedScaleCharacters/Characters.fbx
  artifactKey: Guid(43b8bc78a133b604f86dec829cd8321e) Importer(815301076,1909f56bfc062723c751e8b465ee728b)
Start importing Assets/PolygonPrototype/Models/FixedScaleCharacters/Characters.fbx using Guid(43b8bc78a133b604f86dec829cd8321e) Importer(815301076,1909f56bfc062723c751e8b465ee728b)  -> (artifact id: '9172ae97b6b19ada04e8a8256a29bbde') in 0.193997 seconds
Number of updated asset objects reloaded before import = 0
Number of asset objects unloaded after import = 148
========================================================================
Received Import Request.
  Time since last request: 0.000131 seconds.
  path: Assets/PolygonPrototype/Prefabs/Other/FOV.prefab
  artifactKey: Guid(c9a589dc94f925a4c8b6763a02a7acb6) Importer(815301076,1909f56bfc062723c751e8b465ee728b)
Start importing Assets/PolygonPrototype/Prefabs/Other/FOV.prefab using Guid(c9a589dc94f925a4c8b6763a02a7acb6) Importer(815301076,1909f56bfc062723c751e8b465ee728b)  -> (artifact id: '23de7b492dd80ce2d9fe1141f4c70f8a') in 0.071320 seconds
Number of updated asset objects reloaded before import = 0
Number of asset objects unloaded after import = 14
========================================================================
Received Import Request.
  Time since last request: 0.000662 seconds.
  path: Assets/PolygonPrototype/Models/SM_Buildings_DoorFrame_01.fbx
  artifactKey: Guid(c7bd79f25c690294f893f8905d2264f5) Importer(815301076,1909f56bfc062723c751e8b465ee728b)
Start importing Assets/PolygonPrototype/Models/SM_Buildings_DoorFrame_01.fbx using Guid(c7bd79f25c690294f893f8905d2264f5) Importer(815301076,1909f56bfc062723c751e8b465ee728b)  -> (artifact id: 'd91b456b5c21f3aaf3852bcf88190807') in 0.051223 seconds
Number of updated asset objects reloaded before import = 0
Number of asset objects unloaded after import = 7
========================================================================
Received Import Request.
  Time since last request: 0.001863 seconds.
  path: Assets/PolygonPrototype/Prefabs/Buildings/Simple/SM_Buildings_Floor_1x1_01.prefab
  artifactKey: Guid(9b8802d83e59c8c448a7665322aa7d17) Importer(815301076,1909f56bfc062723c751e8b465ee728b)
Start importing Assets/PolygonPrototype/Prefabs/Buildings/Simple/SM_Buildings_Floor_1x1_01.prefab using Guid(9b8802d83e59c8c448a7665322aa7d17) Importer(815301076,1909f56bfc062723c751e8b465ee728b)  -> (artifact id: '823620485c34664a2eb50dba5e0f5144') in 0.026030 seconds
Number of updated asset objects reloaded before import = 0
Number of asset objects unloaded after import = 10
========================================================================
Received Import Request.
  Time since last request: 0.000100 seconds.
  path: Assets/PolygonPrototype/Models/SM_Buildings_Floor_1x1_01.fbx
  artifactKey: Guid(bef96b6e1cd37444fa6937ae99361014) Importer(815301076,1909f56bfc062723c751e8b465ee728b)
Start importing Assets/PolygonPrototype/Models/SM_Buildings_Floor_1x1_01.fbx using Guid(bef96b6e1cd37444fa6937ae99361014) Importer(815301076,1909f56bfc062723c751e8b465ee728b)  -> (artifact id: 'a8796551bca0748bc26804e8017d67e0') in 0.071266 seconds
Number of updated asset objects reloaded before import = 0
Number of asset objects unloaded after import = 7
========================================================================
Received Import Request.
  Time since last request: 0.000304 seconds.
  path: Assets/PolygonPrototype/Models/SM_Buildings_Floor_1x1_01P.fbx
  artifactKey: Guid(a967d43d87a0d7e468908e6ff4645e71) Importer(815301076,1909f56bfc062723c751e8b465ee728b)
Start importing Assets/PolygonPrototype/Models/SM_Buildings_Floor_1x1_01P.fbx using Guid(a967d43d87a0d7e468908e6ff4645e71) Importer(815301076,1909f56bfc062723c751e8b465ee728b)  -> (artifact id: '8118c51636172c195356ef5414ca6bbb') in 0.034364 seconds
Number of updated asset objects reloaded before import = 0
Number of asset objects unloaded after import = 7
========================================================================
Received Import Request.
  Time since last request: 0.000085 seconds.
  path: Assets/PolygonPrototype/Models/SM_Buildings_Block_1x1_01P.fbx
  artifactKey: Guid(4271e1f51cf274c499b8283b04da0c03) Importer(815301076,1909f56bfc062723c751e8b465ee728b)
Start importing Assets/PolygonPrototype/Models/SM_Buildings_Block_1x1_01P.fbx using Guid(4271e1f51cf274c499b8283b04da0c03) Importer(815301076,1909f56bfc062723c751e8b465ee728b)  -> (artifact id: '33641e64d73186380ae7cba0e1838dbc') in 0.030347 seconds
Number of updated asset objects reloaded before import = 0
Number of asset objects unloaded after import = 7
========================================================================
Received Import Request.
  Time since last request: 0.003859 seconds.
  path: Assets/PolygonPrototype/Prefabs/Buildings/Polygon/SM_Buildings_Column_1x3_01P.prefab
  artifactKey: Guid(3f3dbe87a60db03418edd6f1c0a25506) Importer(815301076,1909f56bfc062723c751e8b465ee728b)
Start importing Assets/PolygonPrototype/Prefabs/Buildings/Polygon/SM_Buildings_Column_1x3_01P.prefab using Guid(3f3dbe87a60db03418edd6f1c0a25506) Importer(815301076,1909f56bfc062723c751e8b465ee728b)  -> (artifact id: '26918fc2815a8dfb18c174fd1486c750') in 0.029885 seconds
Number of updated asset objects reloaded before import = 0
Number of asset objects unloaded after import = 11
========================================================================
Received Prepare
Begin MonoManager ReloadAssembly
Symbol file LoadedFromMemory doesn't match image /Users/jasonlin778/Desktop/20250829MahjongGame/Library/PackageCache/com.unity.visualscripting@1.8.0/Editor/VisualScripting.Core/Dependencies/YamlDotNet/Unity.VisualScripting.YamlDotNet.dll
Symbol file LoadedFromMemory doesn't match image /Users/jasonlin778/Desktop/20250829MahjongGame/Library/PackageCache/com.unity.visualscripting@1.8.0/Editor/VisualScripting.Core/Dependencies/DotNetZip/Unity.VisualScripting.IonicZip.dll
- Loaded All Assemblies, in  2.781 seconds
Refreshing native plugins compatible for Editor in 2.92 ms, found 2 plugins.
Native extension for WindowsStandalone target not found
Native extension for Android target not found
Native extension for OSXStandalone target not found
Native extension for WebGL target not found
Mono: successfully reloaded assembly
- Finished resetting the current domain, in  3.614 seconds
Domain Reload Profiling: 6396ms
	BeginReloadAssembly (621ms)
		ExecutionOrderSort (0ms)
		DisableScriptedObjects (15ms)
		BackupInstance (0ms)
		ReleaseScriptingObjects (0ms)
		CreateAndSetChildDomain (261ms)
	RebuildCommonClasses (94ms)
	RebuildNativeTypeToScriptingClass (34ms)
	initialDomainReloadingComplete (86ms)
	LoadAllAssembliesAndSetupDomain (1946ms)
		LoadAssemblies (1049ms)
		RebuildTransferFunctionScriptingTraits (0ms)
		AnalyzeDomain (1157ms)
			TypeCache.Refresh (1140ms)
				TypeCache.ScanAssembly (1021ms)
			ScanForSourceGeneratedMonoScriptInfo (0ms)
			ResolveRequiredComponents (17ms)
	FinalizeReload (3615ms)
		ReleaseScriptCaches (0ms)
		RebuildScriptCaches (0ms)
		SetupLoadedEditorAssemblies (1308ms)
			LogAssemblyErrors (0ms)
			InitializePlatformSupportModulesInManaged (79ms)
			SetLoadedEditorAssemblies (13ms)
			RefreshPlugins (0ms)
			BeforeProcessingInitializeOnLoad (160ms)
			ProcessInitializeOnLoadAttributes (993ms)
			ProcessInitializeOnLoadMethodAttributes (59ms)
			AfterProcessingInitializeOnLoad (3ms)
			EditorAssembliesLoaded (0ms)
		ExecutionOrderSort2 (0ms)
		AwakeInstancesAfterBackupRestoration (12ms)
Refreshing native plugins compatible for Editor in 5.19 ms, found 2 plugins.
Preloading 0 native plugins for Editor in 0.00 ms.
Unloading 3215 Unused Serialized files (Serialized files now loaded: 0)
Unloading 20 unused Assets / (29.9 KB). Loaded Objects now: 3719.
Memory consumption went from 145.2 MB to 145.1 MB.
Total: 16.136918 ms (FindLiveObjects: 0.561366 ms CreateObjectMapping: 0.388131 ms MarkObjects: 15.076115 ms  DeleteObjects: 0.109183 ms)

Prepare: number of updated asset objects reloaded= 0
AssetImportParameters requested are different than current active one (requested -> active):
  custom:container-demuxer-ogg: 62fdf1f143b41e24485cea50d1cbac27 -> 
  custom:video-decoder-ogg-theora: a1e56fd34408186e4bbccfd4996cb3dc -> 
  custom:container-demuxer-webm: 4f35f7cbe854078d1ac9338744f61a02 -> 
  custom:container-muxer-webm: aa71ff27fc2769a1b78a27578f13a17b -> 
  custom:video-decoder-webm-vp8: 9c59270c3fd7afecdb556c50c9e8de78 -> 
  custom:AudioImporter_EditorPlatform: 3918e3fc78b5a79bad01e8451be0beb8 -> 
  custom:framework-osx-AVFoundation: e770b220cccbd017edd2c1fefb359320 -> 
  custom:video-encoder-webm-vp8: eb34c28f22e8b96e1ab97ce403110664 -> 
  custom:audio-decoder-ogg-vorbis: bf7c407c2cedff20999df2af8eb42d56 -> 
  custom:audio-encoder-webm-vorbis: bf7c407c2cedff20999df2af8eb42d56 -> 
========================================================================
Received Prepare
Begin MonoManager ReloadAssembly
Symbol file LoadedFromMemory doesn't match image /Users/jasonlin778/Desktop/20250829MahjongGame/Library/PackageCache/com.unity.visualscripting@1.8.0/Editor/VisualScripting.Core/Dependencies/YamlDotNet/Unity.VisualScripting.YamlDotNet.dll
Symbol file LoadedFromMemory doesn't match image /Users/jasonlin778/Desktop/20250829MahjongGame/Library/PackageCache/com.unity.visualscripting@1.8.0/Editor/VisualScripting.Core/Dependencies/DotNetZip/Unity.VisualScripting.IonicZip.dll
- Loaded All Assemblies, in  2.700 seconds
Refreshing native plugins compatible for Editor in 3.04 ms, found 2 plugins.
Native extension for WindowsStandalone target not found
Native extension for Android target not found
Native extension for OSXStandalone target not found
Native extension for WebGL target not found
Mono: successfully reloaded assembly
- Finished resetting the current domain, in  2.905 seconds
Domain Reload Profiling: 5606ms
	BeginReloadAssembly (586ms)
		ExecutionOrderSort (0ms)
		DisableScriptedObjects (16ms)
		BackupInstance (0ms)
		ReleaseScriptingObjects (0ms)
		CreateAndSetChildDomain (253ms)
	RebuildCommonClasses (110ms)
	RebuildNativeTypeToScriptingClass (46ms)
	initialDomainReloadingComplete (114ms)
	LoadAllAssembliesAndSetupDomain (1843ms)
		LoadAssemblies (1056ms)
		RebuildTransferFunctionScriptingTraits (0ms)
		AnalyzeDomain (1021ms)
			TypeCache.Refresh (1000ms)
				TypeCache.ScanAssembly (914ms)
			ScanForSourceGeneratedMonoScriptInfo (9ms)
			ResolveRequiredComponents (12ms)
	FinalizeReload (2906ms)
		ReleaseScriptCaches (0ms)
		RebuildScriptCaches (0ms)
		SetupLoadedEditorAssemblies (926ms)
			LogAssemblyErrors (0ms)
			InitializePlatformSupportModulesInManaged (66ms)
			SetLoadedEditorAssemblies (11ms)
			RefreshPlugins (0ms)
			BeforeProcessingInitializeOnLoad (123ms)
			ProcessInitializeOnLoadAttributes (674ms)
			ProcessInitializeOnLoadMethodAttributes (49ms)
			AfterProcessingInitializeOnLoad (2ms)
			EditorAssembliesLoaded (0ms)
		ExecutionOrderSort2 (0ms)
		AwakeInstancesAfterBackupRestoration (11ms)
Refreshing native plugins compatible for Editor in 1.72 ms, found 2 plugins.
Preloading 0 native plugins for Editor in 0.00 ms.
Unloading 3215 Unused Serialized files (Serialized files now loaded: 0)
Unloading 20 unused Assets / (29.8 KB). Loaded Objects now: 3722.
Memory consumption went from 147.0 MB to 146.9 MB.
Total: 7.463550 ms (FindLiveObjects: 0.409296 ms CreateObjectMapping: 0.418389 ms MarkObjects: 6.527896 ms  DeleteObjects: 0.106303 ms)

Prepare: number of updated asset objects reloaded= 0
AssetImportParameters requested are different than current active one (requested -> active):
  custom:container-demuxer-ogg: 62fdf1f143b41e24485cea50d1cbac27 -> 
  custom:video-decoder-ogg-theora: a1e56fd34408186e4bbccfd4996cb3dc -> 
  custom:container-demuxer-webm: 4f35f7cbe854078d1ac9338744f61a02 -> 
  custom:container-muxer-webm: aa71ff27fc2769a1b78a27578f13a17b -> 
  custom:video-decoder-webm-vp8: 9c59270c3fd7afecdb556c50c9e8de78 -> 
  custom:AudioImporter_EditorPlatform: 3918e3fc78b5a79bad01e8451be0beb8 -> 
  custom:framework-osx-AVFoundation: e770b220cccbd017edd2c1fefb359320 -> 
  custom:video-encoder-webm-vp8: eb34c28f22e8b96e1ab97ce403110664 -> 
  custom:audio-decoder-ogg-vorbis: bf7c407c2cedff20999df2af8eb42d56 -> 
  custom:audio-encoder-webm-vorbis: bf7c407c2cedff20999df2af8eb42d56 -> 
========================================================================
Received Prepare
Begin MonoManager ReloadAssembly
Symbol file LoadedFromMemory doesn't match image /Users/jasonlin778/Desktop/20250829MahjongGame/Library/PackageCache/com.unity.visualscripting@1.8.0/Editor/VisualScripting.Core/Dependencies/YamlDotNet/Unity.VisualScripting.YamlDotNet.dll
Symbol file LoadedFromMemory doesn't match image /Users/jasonlin778/Desktop/20250829MahjongGame/Library/PackageCache/com.unity.visualscripting@1.8.0/Editor/VisualScripting.Core/Dependencies/DotNetZip/Unity.VisualScripting.IonicZip.dll
- Loaded All Assemblies, in  1.772 seconds
Refreshing native plugins compatible for Editor in 2.49 ms, found 2 plugins.
Native extension for WindowsStandalone target not found
Native extension for Android target not found
Native extension for OSXStandalone target not found
Native extension for WebGL target not found
Mono: successfully reloaded assembly
- Finished resetting the current domain, in  2.406 seconds
Domain Reload Profiling: 4178ms
	BeginReloadAssembly (323ms)
		ExecutionOrderSort (0ms)
		DisableScriptedObjects (17ms)
		BackupInstance (0ms)
		ReleaseScriptingObjects (0ms)
		CreateAndSetChildDomain (114ms)
	RebuildCommonClasses (99ms)
	RebuildNativeTypeToScriptingClass (30ms)
	initialDomainReloadingComplete (54ms)
	LoadAllAssembliesAndSetupDomain (1264ms)
		LoadAssemblies (542ms)
		RebuildTransferFunctionScriptingTraits (0ms)
		AnalyzeDomain (854ms)
			TypeCache.Refresh (839ms)
				TypeCache.ScanAssembly (821ms)
			ScanForSourceGeneratedMonoScriptInfo (0ms)
			ResolveRequiredComponents (15ms)
	FinalizeReload (2407ms)
		ReleaseScriptCaches (0ms)
		RebuildScriptCaches (0ms)
		SetupLoadedEditorAssemblies (1380ms)
			LogAssemblyErrors (0ms)
			InitializePlatformSupportModulesInManaged (74ms)
			SetLoadedEditorAssemblies (22ms)
			RefreshPlugins (0ms)
			BeforeProcessingInitializeOnLoad (149ms)
			ProcessInitializeOnLoadAttributes (1068ms)
			ProcessInitializeOnLoadMethodAttributes (63ms)
			AfterProcessingInitializeOnLoad (4ms)
			EditorAssembliesLoaded (0ms)
		ExecutionOrderSort2 (0ms)
		AwakeInstancesAfterBackupRestoration (13ms)
Refreshing native plugins compatible for Editor in 3.70 ms, found 2 plugins.
Preloading 0 native plugins for Editor in 0.00 ms.
Unloading 3215 Unused Serialized files (Serialized files now loaded: 0)
Unloading 20 unused Assets / (29.8 KB). Loaded Objects now: 3725.
Memory consumption went from 151.0 MB to 151.0 MB.
Total: 8.748085 ms (FindLiveObjects: 0.534340 ms CreateObjectMapping: 0.382594 ms MarkObjects: 7.764442 ms  DeleteObjects: 0.064740 ms)

Prepare: number of updated asset objects reloaded= 0
AssetImportParameters requested are different than current active one (requested -> active):
  custom:container-demuxer-ogg: 62fdf1f143b41e24485cea50d1cbac27 -> 
  custom:video-decoder-ogg-theora: a1e56fd34408186e4bbccfd4996cb3dc -> 
  custom:container-demuxer-webm: 4f35f7cbe854078d1ac9338744f61a02 -> 
  custom:container-muxer-webm: aa71ff27fc2769a1b78a27578f13a17b -> 
  custom:video-decoder-webm-vp8: 9c59270c3fd7afecdb556c50c9e8de78 -> 
  custom:AudioImporter_EditorPlatform: 3918e3fc78b5a79bad01e8451be0beb8 -> 
  custom:framework-osx-AVFoundation: e770b220cccbd017edd2c1fefb359320 -> 
  custom:video-encoder-webm-vp8: eb34c28f22e8b96e1ab97ce403110664 -> 
  custom:audio-decoder-ogg-vorbis: bf7c407c2cedff20999df2af8eb42d56 -> 
  custom:audio-encoder-webm-vorbis: bf7c407c2cedff20999df2af8eb42d56 -> 
========================================================================
Received Prepare
Begin MonoManager ReloadAssembly
Symbol file LoadedFromMemory doesn't match image /Users/jasonlin778/Desktop/20250829MahjongGame/Library/PackageCache/com.unity.visualscripting@1.8.0/Editor/VisualScripting.Core/Dependencies/YamlDotNet/Unity.VisualScripting.YamlDotNet.dll
Symbol file LoadedFromMemory doesn't match image /Users/jasonlin778/Desktop/20250829MahjongGame/Library/PackageCache/com.unity.visualscripting@1.8.0/Editor/VisualScripting.Core/Dependencies/DotNetZip/Unity.VisualScripting.IonicZip.dll
- Loaded All Assemblies, in  2.794 seconds
Refreshing native plugins compatible for Editor in 4.40 ms, found 2 plugins.
Native extension for WindowsStandalone target not found
Native extension for Android target not found
Native extension for OSXStandalone target not found
Native extension for WebGL target not found
Mono: successfully reloaded assembly
- Finished resetting the current domain, in  3.595 seconds
Domain Reload Profiling: 6389ms
	BeginReloadAssembly (610ms)
		ExecutionOrderSort (0ms)
		DisableScriptedObjects (27ms)
		BackupInstance (0ms)
		ReleaseScriptingObjects (0ms)
		CreateAndSetChildDomain (189ms)
	RebuildCommonClasses (170ms)
	RebuildNativeTypeToScriptingClass (55ms)
	initialDomainReloadingComplete (88ms)
	LoadAllAssembliesAndSetupDomain (1869ms)
		LoadAssemblies (942ms)
		RebuildTransferFunctionScriptingTraits (0ms)
		AnalyzeDomain (1234ms)
			TypeCache.Refresh (1216ms)
				TypeCache.ScanAssembly (1184ms)
			ScanForSourceGeneratedMonoScriptInfo (0ms)
			ResolveRequiredComponents (18ms)
	FinalizeReload (3597ms)
		ReleaseScriptCaches (0ms)
		RebuildScriptCaches (0ms)
		SetupLoadedEditorAssemblies (1304ms)
			LogAssemblyErrors (0ms)
			InitializePlatformSupportModulesInManaged (87ms)
			SetLoadedEditorAssemblies (15ms)
			RefreshPlugins (0ms)
			BeforeProcessingInitializeOnLoad (168ms)
			ProcessInitializeOnLoadAttributes (962ms)
			ProcessInitializeOnLoadMethodAttributes (68ms)
			AfterProcessingInitializeOnLoad (5ms)
			EditorAssembliesLoaded (0ms)
		ExecutionOrderSort2 (0ms)
		AwakeInstancesAfterBackupRestoration (14ms)
Refreshing native plugins compatible for Editor in 6.88 ms, found 2 plugins.
Preloading 0 native plugins for Editor in 0.00 ms.
Unloading 3215 Unused Serialized files (Serialized files now loaded: 0)
Unloading 20 unused Assets / (29.8 KB). Loaded Objects now: 3728.
Memory consumption went from 155.0 MB to 155.0 MB.
Total: 12.049014 ms (FindLiveObjects: 0.635990 ms CreateObjectMapping: 0.487913 ms MarkObjects: 10.803161 ms  DeleteObjects: 0.119629 ms)

Prepare: number of updated asset objects reloaded= 0
AssetImportParameters requested are different than current active one (requested -> active):
  custom:container-demuxer-ogg: 62fdf1f143b41e24485cea50d1cbac27 -> 
  custom:video-decoder-ogg-theora: a1e56fd34408186e4bbccfd4996cb3dc -> 
  custom:container-demuxer-webm: 4f35f7cbe854078d1ac9338744f61a02 -> 
  custom:container-muxer-webm: aa71ff27fc2769a1b78a27578f13a17b -> 
  custom:video-decoder-webm-vp8: 9c59270c3fd7afecdb556c50c9e8de78 -> 
  custom:AudioImporter_EditorPlatform: 3918e3fc78b5a79bad01e8451be0beb8 -> 
  custom:framework-osx-AVFoundation: e770b220cccbd017edd2c1fefb359320 -> 
  custom:video-encoder-webm-vp8: eb34c28f22e8b96e1ab97ce403110664 -> 
  custom:audio-decoder-ogg-vorbis: bf7c407c2cedff20999df2af8eb42d56 -> 
  custom:audio-encoder-webm-vorbis: bf7c407c2cedff20999df2af8eb42d56 -> 
========================================================================
Received Prepare
Begin MonoManager ReloadAssembly
Symbol file LoadedFromMemory doesn't match image /Users/jasonlin778/Desktop/20250829MahjongGame/Library/PackageCache/com.unity.visualscripting@1.8.0/Editor/VisualScripting.Core/Dependencies/YamlDotNet/Unity.VisualScripting.YamlDotNet.dll
Symbol file LoadedFromMemory doesn't match image /Users/jasonlin778/Desktop/20250829MahjongGame/Library/PackageCache/com.unity.visualscripting@1.8.0/Editor/VisualScripting.Core/Dependencies/DotNetZip/Unity.VisualScripting.IonicZip.dll
- Loaded All Assemblies, in  2.332 seconds
Refreshing native plugins compatible for Editor in 3.03 ms, found 2 plugins.
Native extension for WindowsStandalone target not found
Native extension for Android target not found
Native extension for OSXStandalone target not found
Native extension for WebGL target not found
Mono: successfully reloaded assembly
- Finished resetting the current domain, in  2.171 seconds
Domain Reload Profiling: 4504ms
	BeginReloadAssembly (619ms)
		ExecutionOrderSort (0ms)
		DisableScriptedObjects (18ms)
		BackupInstance (0ms)
		ReleaseScriptingObjects (0ms)
		CreateAndSetChildDomain (258ms)
	RebuildCommonClasses (116ms)
	RebuildNativeTypeToScriptingClass (36ms)
	initialDomainReloadingComplete (89ms)
	LoadAllAssembliesAndSetupDomain (1471ms)
		LoadAssemblies (912ms)
		RebuildTransferFunctionScriptingTraits (0ms)
		AnalyzeDomain (826ms)
			TypeCache.Refresh (807ms)
				TypeCache.ScanAssembly (743ms)
			ScanForSourceGeneratedMonoScriptInfo (9ms)
			ResolveRequiredComponents (10ms)
	FinalizeReload (2172ms)
		ReleaseScriptCaches (0ms)
		RebuildScriptCaches (0ms)
		SetupLoadedEditorAssemblies (745ms)
			LogAssemblyErrors (0ms)
			InitializePlatformSupportModulesInManaged (49ms)
			SetLoadedEditorAssemblies (8ms)
			RefreshPlugins (0ms)
			BeforeProcessingInitializeOnLoad (106ms)
			ProcessInitializeOnLoadAttributes (543ms)
			ProcessInitializeOnLoadMethodAttributes (37ms)
			AfterProcessingInitializeOnLoad (2ms)
			EditorAssembliesLoaded (0ms)
		ExecutionOrderSort2 (0ms)
		AwakeInstancesAfterBackupRestoration (8ms)
Refreshing native plugins compatible for Editor in 1.95 ms, found 2 plugins.
Preloading 0 native plugins for Editor in 0.00 ms.
Unloading 3215 Unused Serialized files (Serialized files now loaded: 0)
Unloading 20 unused Assets / (29.9 KB). Loaded Objects now: 3731.
Memory consumption went from 158.7 MB to 158.6 MB.
Total: 6.892915 ms (FindLiveObjects: 0.502961 ms CreateObjectMapping: 0.334355 ms MarkObjects: 5.946327 ms  DeleteObjects: 0.107845 ms)

Prepare: number of updated asset objects reloaded= 0
AssetImportParameters requested are different than current active one (requested -> active):
  custom:container-demuxer-ogg: 62fdf1f143b41e24485cea50d1cbac27 -> 
  custom:video-decoder-ogg-theora: a1e56fd34408186e4bbccfd4996cb3dc -> 
  custom:container-demuxer-webm: 4f35f7cbe854078d1ac9338744f61a02 -> 
  custom:container-muxer-webm: aa71ff27fc2769a1b78a27578f13a17b -> 
  custom:video-decoder-webm-vp8: 9c59270c3fd7afecdb556c50c9e8de78 -> 
  custom:AudioImporter_EditorPlatform: 3918e3fc78b5a79bad01e8451be0beb8 -> 
  custom:framework-osx-AVFoundation: e770b220cccbd017edd2c1fefb359320 -> 
  custom:video-encoder-webm-vp8: eb34c28f22e8b96e1ab97ce403110664 -> 
  custom:audio-decoder-ogg-vorbis: bf7c407c2cedff20999df2af8eb42d56 -> 
  custom:audio-encoder-webm-vorbis: bf7c407c2cedff20999df2af8eb42d56 -> 
========================================================================
Received Prepare
Begin MonoManager ReloadAssembly
Symbol file LoadedFromMemory doesn't match image /Users/jasonlin778/Desktop/20250829MahjongGame/Library/PackageCache/com.unity.visualscripting@1.8.0/Editor/VisualScripting.Core/Dependencies/YamlDotNet/Unity.VisualScripting.YamlDotNet.dll
Symbol file LoadedFromMemory doesn't match image /Users/jasonlin778/Desktop/20250829MahjongGame/Library/PackageCache/com.unity.visualscripting@1.8.0/Editor/VisualScripting.Core/Dependencies/DotNetZip/Unity.VisualScripting.IonicZip.dll
- Loaded All Assemblies, in  1.805 seconds
Refreshing native plugins compatible for Editor in 6.75 ms, found 2 plugins.
Native extension for WindowsStandalone target not found
Native extension for Android target not found
Native extension for OSXStandalone target not found
Native extension for WebGL target not found
Mono: successfully reloaded assembly
- Finished resetting the current domain, in  2.631 seconds
Domain Reload Profiling: 4436ms
	BeginReloadAssembly (319ms)
		ExecutionOrderSort (0ms)
		DisableScriptedObjects (16ms)
		BackupInstance (0ms)
		ReleaseScriptingObjects (0ms)
		CreateAndSetChildDomain (107ms)
	RebuildCommonClasses (87ms)
	RebuildNativeTypeToScriptingClass (30ms)
	initialDomainReloadingComplete (50ms)
	LoadAllAssembliesAndSetupDomain (1317ms)
		LoadAssemblies (574ms)
		RebuildTransferFunctionScriptingTraits (0ms)
		AnalyzeDomain (881ms)
			TypeCache.Refresh (861ms)
				TypeCache.ScanAssembly (846ms)
			ScanForSourceGeneratedMonoScriptInfo (7ms)
			ResolveRequiredComponents (13ms)
	FinalizeReload (2632ms)
		ReleaseScriptCaches (0ms)
		RebuildScriptCaches (0ms)
		SetupLoadedEditorAssemblies (1063ms)
			LogAssemblyErrors (0ms)
			InitializePlatformSupportModulesInManaged (64ms)
			SetLoadedEditorAssemblies (10ms)
			RefreshPlugins (0ms)
			BeforeProcessingInitializeOnLoad (121ms)
			ProcessInitializeOnLoadAttributes (822ms)
			ProcessInitializeOnLoadMethodAttributes (45ms)
			AfterProcessingInitializeOnLoad (2ms)
			EditorAssembliesLoaded (0ms)
		ExecutionOrderSort2 (0ms)
		AwakeInstancesAfterBackupRestoration (8ms)
Refreshing native plugins compatible for Editor in 2.84 ms, found 2 plugins.
Preloading 0 native plugins for Editor in 0.00 ms.
Unloading 3215 Unused Serialized files (Serialized files now loaded: 0)
Unloading 20 unused Assets / (29.9 KB). Loaded Objects now: 3734.
Memory consumption went from 162.7 MB to 162.7 MB.
Total: 6.339725 ms (FindLiveObjects: 0.378822 ms CreateObjectMapping: 0.353465 ms MarkObjects: 5.542170 ms  DeleteObjects: 0.063777 ms)

Prepare: number of updated asset objects reloaded= 0
AssetImportParameters requested are different than current active one (requested -> active):
  custom:container-demuxer-ogg: 62fdf1f143b41e24485cea50d1cbac27 -> 
  custom:video-decoder-ogg-theora: a1e56fd34408186e4bbccfd4996cb3dc -> 
  custom:container-demuxer-webm: 4f35f7cbe854078d1ac9338744f61a02 -> 
  custom:container-muxer-webm: aa71ff27fc2769a1b78a27578f13a17b -> 
  custom:video-decoder-webm-vp8: 9c59270c3fd7afecdb556c50c9e8de78 -> 
  custom:AudioImporter_EditorPlatform: 3918e3fc78b5a79bad01e8451be0beb8 -> 
  custom:framework-osx-AVFoundation: e770b220cccbd017edd2c1fefb359320 -> 
  custom:video-encoder-webm-vp8: eb34c28f22e8b96e1ab97ce403110664 -> 
  custom:audio-decoder-ogg-vorbis: bf7c407c2cedff20999df2af8eb42d56 -> 
  custom:audio-encoder-webm-vorbis: bf7c407c2cedff20999df2af8eb42d56 -> 
========================================================================
Received Prepare
Begin MonoManager ReloadAssembly
Symbol file LoadedFromMemory doesn't match image /Users/jasonlin778/Desktop/20250829MahjongGame/Library/PackageCache/com.unity.visualscripting@1.8.0/Editor/VisualScripting.Core/Dependencies/YamlDotNet/Unity.VisualScripting.YamlDotNet.dll
Symbol file LoadedFromMemory doesn't match image /Users/jasonlin778/Desktop/20250829MahjongGame/Library/PackageCache/com.unity.visualscripting@1.8.0/Editor/VisualScripting.Core/Dependencies/DotNetZip/Unity.VisualScripting.IonicZip.dll
- Loaded All Assemblies, in  1.736 seconds
Refreshing native plugins compatible for Editor in 2.73 ms, found 2 plugins.
Native extension for WindowsStandalone target not found
Native extension for Android target not found
Native extension for OSXStandalone target not found
Native extension for WebGL target not found
Mono: successfully reloaded assembly
- Finished resetting the current domain, in  2.123 seconds
Domain Reload Profiling: 3859ms
	BeginReloadAssembly (324ms)
		ExecutionOrderSort (0ms)
		DisableScriptedObjects (15ms)
		BackupInstance (0ms)
		ReleaseScriptingObjects (0ms)
		CreateAndSetChildDomain (106ms)
	RebuildCommonClasses (99ms)
	RebuildNativeTypeToScriptingClass (30ms)
	initialDomainReloadingComplete (53ms)
	LoadAllAssembliesAndSetupDomain (1229ms)
		LoadAssemblies (530ms)
		RebuildTransferFunctionScriptingTraits (0ms)
		AnalyzeDomain (838ms)
			TypeCache.Refresh (824ms)
				TypeCache.ScanAssembly (807ms)
			ScanForSourceGeneratedMonoScriptInfo (0ms)
			ResolveRequiredComponents (14ms)
	FinalizeReload (2124ms)
		ReleaseScriptCaches (0ms)
		RebuildScriptCaches (0ms)
		SetupLoadedEditorAssemblies (1012ms)
			LogAssemblyErrors (0ms)
			InitializePlatformSupportModulesInManaged (66ms)
			SetLoadedEditorAssemblies (12ms)
			RefreshPlugins (0ms)
			BeforeProcessingInitializeOnLoad (141ms)
			ProcessInitializeOnLoadAttributes (739ms)
			ProcessInitializeOnLoadMethodAttributes (52ms)
			AfterProcessingInitializeOnLoad (2ms)
			EditorAssembliesLoaded (0ms)
		ExecutionOrderSort2 (0ms)
		AwakeInstancesAfterBackupRestoration (12ms)
Refreshing native plugins compatible for Editor in 2.84 ms, found 2 plugins.
Preloading 0 native plugins for Editor in 0.00 ms.
Unloading 3215 Unused Serialized files (Serialized files now loaded: 0)
Unloading 20 unused Assets / (29.8 KB). Loaded Objects now: 3737.
Memory consumption went from 166.7 MB to 166.7 MB.
Total: 7.828097 ms (FindLiveObjects: 0.726488 ms CreateObjectMapping: 0.534411 ms MarkObjects: 6.498337 ms  DeleteObjects: 0.066197 ms)

Prepare: number of updated asset objects reloaded= 0
AssetImportParameters requested are different than current active one (requested -> active):
  custom:container-demuxer-ogg: 62fdf1f143b41e24485cea50d1cbac27 -> 
  custom:video-decoder-ogg-theora: a1e56fd34408186e4bbccfd4996cb3dc -> 
  custom:container-demuxer-webm: 4f35f7cbe854078d1ac9338744f61a02 -> 
  custom:container-muxer-webm: aa71ff27fc2769a1b78a27578f13a17b -> 
  custom:video-decoder-webm-vp8: 9c59270c3fd7afecdb556c50c9e8de78 -> 
  custom:AudioImporter_EditorPlatform: 3918e3fc78b5a79bad01e8451be0beb8 -> 
  custom:framework-osx-AVFoundation: e770b220cccbd017edd2c1fefb359320 -> 
  custom:video-encoder-webm-vp8: eb34c28f22e8b96e1ab97ce403110664 -> 
  custom:audio-decoder-ogg-vorbis: bf7c407c2cedff20999df2af8eb42d56 -> 
  custom:audio-encoder-webm-vorbis: bf7c407c2cedff20999df2af8eb42d56 -> 
========================================================================
Received Prepare
Begin MonoManager ReloadAssembly
Symbol file LoadedFromMemory doesn't match image /Users/jasonlin778/Desktop/20250829MahjongGame/Library/PackageCache/com.unity.visualscripting@1.8.0/Editor/VisualScripting.Core/Dependencies/YamlDotNet/Unity.VisualScripting.YamlDotNet.dll
Symbol file LoadedFromMemory doesn't match image /Users/jasonlin778/Desktop/20250829MahjongGame/Library/PackageCache/com.unity.visualscripting@1.8.0/Editor/VisualScripting.Core/Dependencies/DotNetZip/Unity.VisualScripting.IonicZip.dll
- Loaded All Assemblies, in  2.256 seconds
Refreshing native plugins compatible for Editor in 2.66 ms, found 2 plugins.
Native extension for WindowsStandalone target not found
Native extension for Android target not found
Native extension for OSXStandalone target not found
Native extension for WebGL target not found
Mono: successfully reloaded assembly
- Finished resetting the current domain, in  2.581 seconds
Domain Reload Profiling: 4840ms
	BeginReloadAssembly (601ms)
		ExecutionOrderSort (0ms)
		DisableScriptedObjects (22ms)
		BackupInstance (0ms)
		ReleaseScriptingObjects (1ms)
		CreateAndSetChildDomain (265ms)
	RebuildCommonClasses (103ms)
	RebuildNativeTypeToScriptingClass (36ms)
	initialDomainReloadingComplete (86ms)
	LoadAllAssembliesAndSetupDomain (1431ms)
		LoadAssemblies (757ms)
		RebuildTransferFunctionScriptingTraits (0ms)
		AnalyzeDomain (888ms)
			TypeCache.Refresh (864ms)
				TypeCache.ScanAssembly (805ms)
			ScanForSourceGeneratedMonoScriptInfo (9ms)
			ResolveRequiredComponents (14ms)
	FinalizeReload (2582ms)
		ReleaseScriptCaches (0ms)
		RebuildScriptCaches (0ms)
		SetupLoadedEditorAssemblies (886ms)
			LogAssemblyErrors (0ms)
			InitializePlatformSupportModulesInManaged (59ms)
			SetLoadedEditorAssemblies (8ms)
			RefreshPlugins (0ms)
			BeforeProcessingInitializeOnLoad (114ms)
			ProcessInitializeOnLoadAttributes (649ms)
			ProcessInitializeOnLoadMethodAttributes (52ms)
			AfterProcessingInitializeOnLoad (3ms)
			EditorAssembliesLoaded (0ms)
		ExecutionOrderSort2 (0ms)
		AwakeInstancesAfterBackupRestoration (9ms)
Refreshing native plugins compatible for Editor in 2.32 ms, found 2 plugins.
Preloading 0 native plugins for Editor in 0.00 ms.
Unloading 3215 Unused Serialized files (Serialized files now loaded: 0)
Unloading 20 unused Assets / (29.8 KB). Loaded Objects now: 3740.
Memory consumption went from 169.6 MB to 169.6 MB.
Total: 7.606867 ms (FindLiveObjects: 0.420461 ms CreateObjectMapping: 0.368492 ms MarkObjects: 6.693086 ms  DeleteObjects: 0.122645 ms)

Prepare: number of updated asset objects reloaded= 0
AssetImportParameters requested are different than current active one (requested -> active):
  custom:container-demuxer-ogg: 62fdf1f143b41e24485cea50d1cbac27 -> 
  custom:video-decoder-ogg-theora: a1e56fd34408186e4bbccfd4996cb3dc -> 
  custom:container-demuxer-webm: 4f35f7cbe854078d1ac9338744f61a02 -> 
  custom:container-muxer-webm: aa71ff27fc2769a1b78a27578f13a17b -> 
  custom:video-decoder-webm-vp8: 9c59270c3fd7afecdb556c50c9e8de78 -> 
  custom:AudioImporter_EditorPlatform: 3918e3fc78b5a79bad01e8451be0beb8 -> 
  custom:framework-osx-AVFoundation: e770b220cccbd017edd2c1fefb359320 -> 
  custom:video-encoder-webm-vp8: eb34c28f22e8b96e1ab97ce403110664 -> 
  custom:audio-decoder-ogg-vorbis: bf7c407c2cedff20999df2af8eb42d56 -> 
  custom:audio-encoder-webm-vorbis: bf7c407c2cedff20999df2af8eb42d56 -> 
========================================================================
Received Prepare
Begin MonoManager ReloadAssembly
Symbol file LoadedFromMemory doesn't match image /Users/jasonlin778/Desktop/20250829MahjongGame/Library/PackageCache/com.unity.visualscripting@1.8.0/Editor/VisualScripting.Core/Dependencies/YamlDotNet/Unity.VisualScripting.YamlDotNet.dll
Symbol file LoadedFromMemory doesn't match image /Users/jasonlin778/Desktop/20250829MahjongGame/Library/PackageCache/com.unity.visualscripting@1.8.0/Editor/VisualScripting.Core/Dependencies/DotNetZip/Unity.VisualScripting.IonicZip.dll
- Loaded All Assemblies, in  1.616 seconds
Refreshing native plugins compatible for Editor in 3.83 ms, found 2 plugins.
Native extension for WindowsStandalone target not found
Native extension for Android target not found
Native extension for OSXStandalone target not found
Native extension for WebGL target not found
Mono: successfully reloaded assembly
- Finished resetting the current domain, in  1.977 seconds
Domain Reload Profiling: 3594ms
	BeginReloadAssembly (295ms)
		ExecutionOrderSort (0ms)
		DisableScriptedObjects (12ms)
		BackupInstance (0ms)
		ReleaseScriptingObjects (0ms)
		CreateAndSetChildDomain (106ms)
	RebuildCommonClasses (76ms)
	RebuildNativeTypeToScriptingClass (28ms)
	initialDomainReloadingComplete (46ms)
	LoadAllAssembliesAndSetupDomain (1171ms)
		LoadAssemblies (472ms)
		RebuildTransferFunctionScriptingTraits (0ms)
		AnalyzeDomain (827ms)
			TypeCache.Refresh (809ms)
				TypeCache.ScanAssembly (785ms)
			ScanForSourceGeneratedMonoScriptInfo (0ms)
			ResolveRequiredComponents (17ms)
	FinalizeReload (1978ms)
		ReleaseScriptCaches (0ms)
		RebuildScriptCaches (0ms)
		SetupLoadedEditorAssemblies (970ms)
			LogAssemblyErrors (0ms)
			InitializePlatformSupportModulesInManaged (56ms)
			SetLoadedEditorAssemblies (11ms)
			RefreshPlugins (0ms)
			BeforeProcessingInitializeOnLoad (137ms)
			ProcessInitializeOnLoadAttributes (709ms)
			ProcessInitializeOnLoadMethodAttributes (54ms)
			AfterProcessingInitializeOnLoad (2ms)
			EditorAssembliesLoaded (0ms)
		ExecutionOrderSort2 (0ms)
		AwakeInstancesAfterBackupRestoration (12ms)
Refreshing native plugins compatible for Editor in 4.07 ms, found 2 plugins.
Preloading 0 native plugins for Editor in 0.00 ms.
Unloading 3215 Unused Serialized files (Serialized files now loaded: 0)
Unloading 20 unused Assets / (29.8 KB). Loaded Objects now: 3743.
Memory consumption went from 173.7 MB to 173.6 MB.
Total: 7.867442 ms (FindLiveObjects: 0.796997 ms CreateObjectMapping: 0.671548 ms MarkObjects: 6.316615 ms  DeleteObjects: 0.079276 ms)

Prepare: number of updated asset objects reloaded= 0
AssetImportParameters requested are different than current active one (requested -> active):
  custom:container-demuxer-ogg: 62fdf1f143b41e24485cea50d1cbac27 -> 
  custom:video-decoder-ogg-theora: a1e56fd34408186e4bbccfd4996cb3dc -> 
  custom:container-demuxer-webm: 4f35f7cbe854078d1ac9338744f61a02 -> 
  custom:container-muxer-webm: aa71ff27fc2769a1b78a27578f13a17b -> 
  custom:video-decoder-webm-vp8: 9c59270c3fd7afecdb556c50c9e8de78 -> 
  custom:AudioImporter_EditorPlatform: 3918e3fc78b5a79bad01e8451be0beb8 -> 
  custom:framework-osx-AVFoundation: e770b220cccbd017edd2c1fefb359320 -> 
  custom:video-encoder-webm-vp8: eb34c28f22e8b96e1ab97ce403110664 -> 
  custom:audio-decoder-ogg-vorbis: bf7c407c2cedff20999df2af8eb42d56 -> 
  custom:audio-encoder-webm-vorbis: bf7c407c2cedff20999df2af8eb42d56 -> 
========================================================================
Received Prepare
Begin MonoManager ReloadAssembly
Symbol file LoadedFromMemory doesn't match image /Users/jasonlin778/Desktop/20250829MahjongGame/Library/PackageCache/com.unity.visualscripting@1.8.0/Editor/VisualScripting.Core/Dependencies/YamlDotNet/Unity.VisualScripting.YamlDotNet.dll
Symbol file LoadedFromMemory doesn't match image /Users/jasonlin778/Desktop/20250829MahjongGame/Library/PackageCache/com.unity.visualscripting@1.8.0/Editor/VisualScripting.Core/Dependencies/DotNetZip/Unity.VisualScripting.IonicZip.dll
- Loaded All Assemblies, in  1.821 seconds
Refreshing native plugins compatible for Editor in 3.99 ms, found 2 plugins.
Native extension for WindowsStandalone target not found
Native extension for Android target not found
Native extension for OSXStandalone target not found
Native extension for WebGL target not found
Mono: successfully reloaded assembly
- Finished resetting the current domain, in  2.829 seconds
Domain Reload Profiling: 4653ms
	BeginReloadAssembly (379ms)
		ExecutionOrderSort (0ms)
		DisableScriptedObjects (16ms)
		BackupInstance (0ms)
		ReleaseScriptingObjects (0ms)
		CreateAndSetChildDomain (157ms)
	RebuildCommonClasses (88ms)
	RebuildNativeTypeToScriptingClass (23ms)
	initialDomainReloadingComplete (55ms)
	LoadAllAssembliesAndSetupDomain (1277ms)
		LoadAssemblies (549ms)
		RebuildTransferFunctionScriptingTraits (0ms)
		AnalyzeDomain (864ms)
			TypeCache.Refresh (849ms)
				TypeCache.ScanAssembly (823ms)
			ScanForSourceGeneratedMonoScriptInfo (0ms)
			ResolveRequiredComponents (15ms)
	FinalizeReload (2831ms)
		ReleaseScriptCaches (0ms)
		RebuildScriptCaches (0ms)
		SetupLoadedEditorAssemblies (982ms)
			LogAssemblyErrors (0ms)
			InitializePlatformSupportModulesInManaged (67ms)
			SetLoadedEditorAssemblies (11ms)
			RefreshPlugins (0ms)
			BeforeProcessingInitializeOnLoad (140ms)
			ProcessInitializeOnLoadAttributes (708ms)
			ProcessInitializeOnLoadMethodAttributes (52ms)
			AfterProcessingInitializeOnLoad (4ms)
			EditorAssembliesLoaded (0ms)
		ExecutionOrderSort2 (0ms)
		AwakeInstancesAfterBackupRestoration (11ms)
Refreshing native plugins compatible for Editor in 2.37 ms, found 2 plugins.
Preloading 0 native plugins for Editor in 0.00 ms.
Unloading 3215 Unused Serialized files (Serialized files now loaded: 0)
Unloading 20 unused Assets / (29.9 KB). Loaded Objects now: 3746.
Memory consumption went from 177.6 MB to 177.5 MB.
Total: 8.274583 ms (FindLiveObjects: 0.438648 ms CreateObjectMapping: 0.321406 ms MarkObjects: 7.350799 ms  DeleteObjects: 0.161438 ms)

Prepare: number of updated asset objects reloaded= 0
AssetImportParameters requested are different than current active one (requested -> active):
  custom:container-demuxer-ogg: 62fdf1f143b41e24485cea50d1cbac27 -> 
  custom:video-decoder-ogg-theora: a1e56fd34408186e4bbccfd4996cb3dc -> 
  custom:container-demuxer-webm: 4f35f7cbe854078d1ac9338744f61a02 -> 
  custom:container-muxer-webm: aa71ff27fc2769a1b78a27578f13a17b -> 
  custom:video-decoder-webm-vp8: 9c59270c3fd7afecdb556c50c9e8de78 -> 
  custom:AudioImporter_EditorPlatform: 3918e3fc78b5a79bad01e8451be0beb8 -> 
  custom:framework-osx-AVFoundation: e770b220cccbd017edd2c1fefb359320 -> 
  custom:video-encoder-webm-vp8: eb34c28f22e8b96e1ab97ce403110664 -> 
  custom:audio-decoder-ogg-vorbis: bf7c407c2cedff20999df2af8eb42d56 -> 
  custom:audio-encoder-webm-vorbis: bf7c407c2cedff20999df2af8eb42d56 -> 
========================================================================
Received Prepare
Begin MonoManager ReloadAssembly
Symbol file LoadedFromMemory doesn't match image /Users/jasonlin778/Desktop/20250829MahjongGame/Library/PackageCache/com.unity.visualscripting@1.8.0/Editor/VisualScripting.Core/Dependencies/YamlDotNet/Unity.VisualScripting.YamlDotNet.dll
Symbol file LoadedFromMemory doesn't match image /Users/jasonlin778/Desktop/20250829MahjongGame/Library/PackageCache/com.unity.visualscripting@1.8.0/Editor/VisualScripting.Core/Dependencies/DotNetZip/Unity.VisualScripting.IonicZip.dll
- Loaded All Assemblies, in  1.446 seconds
Refreshing native plugins compatible for Editor in 1.91 ms, found 2 plugins.
Native extension for WindowsStandalone target not found
Native extension for Android target not found
Native extension for OSXStandalone target not found
Native extension for WebGL target not found
Mono: successfully reloaded assembly
- Finished resetting the current domain, in  2.420 seconds
Domain Reload Profiling: 3867ms
	BeginReloadAssembly (251ms)
		ExecutionOrderSort (0ms)
		DisableScriptedObjects (10ms)
		BackupInstance (0ms)
		ReleaseScriptingObjects (0ms)
		CreateAndSetChildDomain (103ms)
	RebuildCommonClasses (70ms)
	RebuildNativeTypeToScriptingClass (24ms)
	initialDomainReloadingComplete (42ms)
	LoadAllAssembliesAndSetupDomain (1059ms)
		LoadAssemblies (458ms)
		RebuildTransferFunctionScriptingTraits (0ms)
		AnalyzeDomain (695ms)
			TypeCache.Refresh (684ms)
				TypeCache.ScanAssembly (666ms)
			ScanForSourceGeneratedMonoScriptInfo (1ms)
			ResolveRequiredComponents (10ms)
	FinalizeReload (2421ms)
		ReleaseScriptCaches (0ms)
		RebuildScriptCaches (0ms)
		SetupLoadedEditorAssemblies (888ms)
			LogAssemblyErrors (0ms)
			InitializePlatformSupportModulesInManaged (54ms)
			SetLoadedEditorAssemblies (8ms)
			RefreshPlugins (0ms)
			BeforeProcessingInitializeOnLoad (117ms)
			ProcessInitializeOnLoadAttributes (658ms)
			ProcessInitializeOnLoadMethodAttributes (48ms)
			AfterProcessingInitializeOnLoad (3ms)
			EditorAssembliesLoaded (0ms)
		ExecutionOrderSort2 (0ms)
		AwakeInstancesAfterBackupRestoration (10ms)
Refreshing native plugins compatible for Editor in 4.55 ms, found 2 plugins.
Preloading 0 native plugins for Editor in 0.00 ms.
Unloading 3215 Unused Serialized files (Serialized files now loaded: 0)
Unloading 20 unused Assets / (29.8 KB). Loaded Objects now: 3749.
Memory consumption went from 181.4 MB to 181.4 MB.
Total: 5.264703 ms (FindLiveObjects: 0.432868 ms CreateObjectMapping: 0.326060 ms MarkObjects: 4.451743 ms  DeleteObjects: 0.052744 ms)

Prepare: number of updated asset objects reloaded= 0
AssetImportParameters requested are different than current active one (requested -> active):
  custom:container-demuxer-ogg: 62fdf1f143b41e24485cea50d1cbac27 -> 
  custom:video-decoder-ogg-theora: a1e56fd34408186e4bbccfd4996cb3dc -> 
  custom:container-demuxer-webm: 4f35f7cbe854078d1ac9338744f61a02 -> 
  custom:container-muxer-webm: aa71ff27fc2769a1b78a27578f13a17b -> 
  custom:video-decoder-webm-vp8: 9c59270c3fd7afecdb556c50c9e8de78 -> 
  custom:AudioImporter_EditorPlatform: 3918e3fc78b5a79bad01e8451be0beb8 -> 
  custom:framework-osx-AVFoundation: e770b220cccbd017edd2c1fefb359320 -> 
  custom:video-encoder-webm-vp8: eb34c28f22e8b96e1ab97ce403110664 -> 
  custom:audio-decoder-ogg-vorbis: bf7c407c2cedff20999df2af8eb42d56 -> 
  custom:audio-encoder-webm-vorbis: bf7c407c2cedff20999df2af8eb42d56 -> 
========================================================================
Received Prepare
Begin MonoManager ReloadAssembly
Symbol file LoadedFromMemory doesn't match image /Users/jasonlin778/Desktop/20250829MahjongGame/Library/PackageCache/com.unity.visualscripting@1.8.0/Editor/VisualScripting.Core/Dependencies/YamlDotNet/Unity.VisualScripting.YamlDotNet.dll
Symbol file LoadedFromMemory doesn't match image /Users/jasonlin778/Desktop/20250829MahjongGame/Library/PackageCache/com.unity.visualscripting@1.8.0/Editor/VisualScripting.Core/Dependencies/DotNetZip/Unity.VisualScripting.IonicZip.dll
- Loaded All Assemblies, in  1.940 seconds
Refreshing native plugins compatible for Editor in 3.23 ms, found 2 plugins.
Native extension for WindowsStandalone target not found
Native extension for Android target not found
Native extension for OSXStandalone target not found
Native extension for WebGL target not found
Mono: successfully reloaded assembly
- Finished resetting the current domain, in  2.437 seconds
Domain Reload Profiling: 4379ms
	BeginReloadAssembly (469ms)
		ExecutionOrderSort (0ms)
		DisableScriptedObjects (15ms)
		BackupInstance (0ms)
		ReleaseScriptingObjects (0ms)
		CreateAndSetChildDomain (235ms)
	RebuildCommonClasses (80ms)
	RebuildNativeTypeToScriptingClass (24ms)
	initialDomainReloadingComplete (55ms)
	LoadAllAssembliesAndSetupDomain (1313ms)
		LoadAssemblies (589ms)
		RebuildTransferFunctionScriptingTraits (0ms)
		AnalyzeDomain (868ms)
			TypeCache.Refresh (852ms)
				TypeCache.ScanAssembly (784ms)
			ScanForSourceGeneratedMonoScriptInfo (1ms)
			ResolveRequiredComponents (15ms)
	FinalizeReload (2438ms)
		ReleaseScriptCaches (0ms)
		RebuildScriptCaches (0ms)
		SetupLoadedEditorAssemblies (736ms)
			LogAssemblyErrors (0ms)
			InitializePlatformSupportModulesInManaged (66ms)
			SetLoadedEditorAssemblies (10ms)
			RefreshPlugins (0ms)
			BeforeProcessingInitializeOnLoad (94ms)
			ProcessInitializeOnLoadAttributes (527ms)
			ProcessInitializeOnLoadMethodAttributes (37ms)
			AfterProcessingInitializeOnLoad (2ms)
			EditorAssembliesLoaded (0ms)
		ExecutionOrderSort2 (0ms)
		AwakeInstancesAfterBackupRestoration (9ms)
Refreshing native plugins compatible for Editor in 2.42 ms, found 2 plugins.
Preloading 0 native plugins for Editor in 0.00 ms.
Unloading 3215 Unused Serialized files (Serialized files now loaded: 0)
Unloading 20 unused Assets / (29.8 KB). Loaded Objects now: 3752.
Memory consumption went from 184.5 MB to 184.5 MB.
Total: 6.202486 ms (FindLiveObjects: 0.448181 ms CreateObjectMapping: 0.406605 ms MarkObjects: 5.275091 ms  DeleteObjects: 0.071373 ms)

Prepare: number of updated asset objects reloaded= 0
AssetImportParameters requested are different than current active one (requested -> active):
  custom:container-demuxer-ogg: 62fdf1f143b41e24485cea50d1cbac27 -> 
  custom:video-decoder-ogg-theora: a1e56fd34408186e4bbccfd4996cb3dc -> 
  custom:container-demuxer-webm: 4f35f7cbe854078d1ac9338744f61a02 -> 
  custom:container-muxer-webm: aa71ff27fc2769a1b78a27578f13a17b -> 
  custom:video-decoder-webm-vp8: 9c59270c3fd7afecdb556c50c9e8de78 -> 
  custom:AudioImporter_EditorPlatform: 3918e3fc78b5a79bad01e8451be0beb8 -> 
  custom:framework-osx-AVFoundation: e770b220cccbd017edd2c1fefb359320 -> 
  custom:video-encoder-webm-vp8: eb34c28f22e8b96e1ab97ce403110664 -> 
  custom:audio-decoder-ogg-vorbis: bf7c407c2cedff20999df2af8eb42d56 -> 
  custom:audio-encoder-webm-vorbis: bf7c407c2cedff20999df2af8eb42d56 -> 
========================================================================
Received Prepare
Begin MonoManager ReloadAssembly
Symbol file LoadedFromMemory doesn't match image /Users/jasonlin778/Desktop/20250829MahjongGame/Library/PackageCache/com.unity.visualscripting@1.8.0/Editor/VisualScripting.Core/Dependencies/YamlDotNet/Unity.VisualScripting.YamlDotNet.dll
Symbol file LoadedFromMemory doesn't match image /Users/jasonlin778/Desktop/20250829MahjongGame/Library/PackageCache/com.unity.visualscripting@1.8.0/Editor/VisualScripting.Core/Dependencies/DotNetZip/Unity.VisualScripting.IonicZip.dll
- Loaded All Assemblies, in  2.314 seconds
Refreshing native plugins compatible for Editor in 2.81 ms, found 2 plugins.
Native extension for WindowsStandalone target not found
Native extension for Android target not found
Native extension for OSXStandalone target not found
Native extension for WebGL target not found
Mono: successfully reloaded assembly
- Finished resetting the current domain, in  3.532 seconds
Domain Reload Profiling: 5846ms
	BeginReloadAssembly (572ms)
		ExecutionOrderSort (0ms)
		DisableScriptedObjects (18ms)
		BackupInstance (0ms)
		ReleaseScriptingObjects (3ms)
		CreateAndSetChildDomain (224ms)
	RebuildCommonClasses (147ms)
	RebuildNativeTypeToScriptingClass (46ms)
	initialDomainReloadingComplete (89ms)
	LoadAllAssembliesAndSetupDomain (1459ms)
		LoadAssemblies (879ms)
		RebuildTransferFunctionScriptingTraits (0ms)
		AnalyzeDomain (787ms)
			TypeCache.Refresh (764ms)
				TypeCache.ScanAssembly (702ms)
			ScanForSourceGeneratedMonoScriptInfo (14ms)
			ResolveRequiredComponents (10ms)
	FinalizeReload (3533ms)
		ReleaseScriptCaches (0ms)
		RebuildScriptCaches (0ms)
		SetupLoadedEditorAssemblies (812ms)
			LogAssemblyErrors (0ms)
			InitializePlatformSupportModulesInManaged (48ms)
			SetLoadedEditorAssemblies (6ms)
			RefreshPlugins (0ms)
			BeforeProcessingInitializeOnLoad (105ms)
			ProcessInitializeOnLoadAttributes (602ms)
			ProcessInitializeOnLoadMethodAttributes (50ms)
			AfterProcessingInitializeOnLoad (2ms)
			EditorAssembliesLoaded (0ms)
		ExecutionOrderSort2 (0ms)
		AwakeInstancesAfterBackupRestoration (9ms)
Refreshing native plugins compatible for Editor in 2.04 ms, found 2 plugins.
Preloading 0 native plugins for Editor in 0.00 ms.
Unloading 3215 Unused Serialized files (Serialized files now loaded: 0)
Unloading 20 unused Assets / (29.8 KB). Loaded Objects now: 3755.
Memory consumption went from 188.6 MB to 188.6 MB.
Total: 6.799980 ms (FindLiveObjects: 0.533453 ms CreateObjectMapping: 0.494681 ms MarkObjects: 5.670465 ms  DeleteObjects: 0.099770 ms)

Prepare: number of updated asset objects reloaded= 0
AssetImportParameters requested are different than current active one (requested -> active):
  custom:container-demuxer-ogg: 62fdf1f143b41e24485cea50d1cbac27 -> 
  custom:video-decoder-ogg-theora: a1e56fd34408186e4bbccfd4996cb3dc -> 
  custom:container-demuxer-webm: 4f35f7cbe854078d1ac9338744f61a02 -> 
  custom:container-muxer-webm: aa71ff27fc2769a1b78a27578f13a17b -> 
  custom:video-decoder-webm-vp8: 9c59270c3fd7afecdb556c50c9e8de78 -> 
  custom:AudioImporter_EditorPlatform: 3918e3fc78b5a79bad01e8451be0beb8 -> 
  custom:framework-osx-AVFoundation: e770b220cccbd017edd2c1fefb359320 -> 
  custom:video-encoder-webm-vp8: eb34c28f22e8b96e1ab97ce403110664 -> 
  custom:audio-decoder-ogg-vorbis: bf7c407c2cedff20999df2af8eb42d56 -> 
  custom:audio-encoder-webm-vorbis: bf7c407c2cedff20999df2af8eb42d56 -> 
========================================================================
Received Import Request.
  Time since last request: 5087.264231 seconds.
  path: Assets/PolygonPrototype/Scenes
  artifactKey: Guid(b062322faa4a9d94592dff73f39ddc30) Importer(815301076,1909f56bfc062723c751e8b465ee728b)
Start importing Assets/PolygonPrototype/Scenes using Guid(b062322faa4a9d94592dff73f39ddc30) Importer(815301076,1909f56bfc062723c751e8b465ee728b)  -> (artifact id: '6ab51675f4668420be9655104a0ae86b') in 0.012734 seconds
Number of updated asset objects reloaded before import = 0
Number of asset objects unloaded after import = 0
========================================================================
Received Import Request.
  Time since last request: 87.419941 seconds.
  path: Assets/TextMesh Pro/Resources/Fonts & Materials/LiberationSans SDF.asset
  artifactKey: Guid(8f586378b4e144a9851e7b34d9b748ee) Importer(815301076,1909f56bfc062723c751e8b465ee728b)
Start importing Assets/TextMesh Pro/Resources/Fonts & Materials/LiberationSans SDF.asset using Guid(8f586378b4e144a9851e7b34d9b748ee) Importer(815301076,1909f56bfc062723c751e8b465ee728b)  -> (artifact id: '2785db93727ec5300c6ccfef25511c6f') in 1.074446 seconds
Number of updated asset objects reloaded before import = 0
Number of asset objects unloaded after import = 10
========================================================================
Received Prepare
Begin MonoManager ReloadAssembly
Symbol file LoadedFromMemory doesn't match image /Users/jasonlin778/Desktop/20250829MahjongGame/Library/PackageCache/com.unity.visualscripting@1.8.0/Editor/VisualScripting.Core/Dependencies/YamlDotNet/Unity.VisualScripting.YamlDotNet.dll
Symbol file LoadedFromMemory doesn't match image /Users/jasonlin778/Desktop/20250829MahjongGame/Library/PackageCache/com.unity.visualscripting@1.8.0/Editor/VisualScripting.Core/Dependencies/DotNetZip/Unity.VisualScripting.IonicZip.dll
- Loaded All Assemblies, in  2.719 seconds
Refreshing native plugins compatible for Editor in 3.27 ms, found 2 plugins.
Native extension for WindowsStandalone target not found
Native extension for Android target not found
Native extension for OSXStandalone target not found
Native extension for WebGL target not found
Mono: successfully reloaded assembly
- Finished resetting the current domain, in  3.287 seconds
Domain Reload Profiling: 6007ms
	BeginReloadAssembly (507ms)
		ExecutionOrderSort (0ms)
		DisableScriptedObjects (17ms)
		BackupInstance (0ms)
		ReleaseScriptingObjects (0ms)
		CreateAndSetChildDomain (255ms)
	RebuildCommonClasses (94ms)
	RebuildNativeTypeToScriptingClass (24ms)
	initialDomainReloadingComplete (60ms)
	LoadAllAssembliesAndSetupDomain (2034ms)
		LoadAssemblies (657ms)
		RebuildTransferFunctionScriptingTraits (0ms)
		AnalyzeDomain (1525ms)
			TypeCache.Refresh (1513ms)
				TypeCache.ScanAssembly (1296ms)
			ScanForSourceGeneratedMonoScriptInfo (0ms)
			ResolveRequiredComponents (12ms)
	FinalizeReload (3288ms)
		ReleaseScriptCaches (0ms)
		RebuildScriptCaches (0ms)
		SetupLoadedEditorAssemblies (1099ms)
			LogAssemblyErrors (0ms)
			InitializePlatformSupportModulesInManaged (70ms)
			SetLoadedEditorAssemblies (10ms)
			RefreshPlugins (0ms)
			BeforeProcessingInitializeOnLoad (128ms)
			ProcessInitializeOnLoadAttributes (835ms)
			ProcessInitializeOnLoadMethodAttributes (53ms)
			AfterProcessingInitializeOnLoad (3ms)
			EditorAssembliesLoaded (0ms)
		ExecutionOrderSort2 (0ms)
		AwakeInstancesAfterBackupRestoration (14ms)
Refreshing native plugins compatible for Editor in 4.19 ms, found 2 plugins.
Preloading 0 native plugins for Editor in 0.00 ms.
Unloading 3228 Unused Serialized files (Serialized files now loaded: 0)
Unloading 32 unused Assets / (0.6 MB). Loaded Objects now: 3795.
Memory consumption went from 197.3 MB to 196.7 MB.
Total: 9.859654 ms (FindLiveObjects: 1.056588 ms CreateObjectMapping: 0.452224 ms MarkObjects: 7.148678 ms  DeleteObjects: 1.199552 ms)

Prepare: number of updated asset objects reloaded= 0
AssetImportParameters requested are different than current active one (requested -> active):
  custom:container-demuxer-ogg: 62fdf1f143b41e24485cea50d1cbac27 -> 
  custom:video-decoder-ogg-theora: a1e56fd34408186e4bbccfd4996cb3dc -> 
  custom:container-demuxer-webm: 4f35f7cbe854078d1ac9338744f61a02 -> 
  custom:container-muxer-webm: aa71ff27fc2769a1b78a27578f13a17b -> 
  custom:video-decoder-webm-vp8: 9c59270c3fd7afecdb556c50c9e8de78 -> 
  custom:AudioImporter_EditorPlatform: 3918e3fc78b5a79bad01e8451be0beb8 -> 
  custom:framework-osx-AVFoundation: e770b220cccbd017edd2c1fefb359320 -> 
  custom:video-encoder-webm-vp8: eb34c28f22e8b96e1ab97ce403110664 -> 
  custom:audio-decoder-ogg-vorbis: bf7c407c2cedff20999df2af8eb42d56 -> 
  custom:audio-encoder-webm-vorbis: bf7c407c2cedff20999df2af8eb42d56 -> 
========================================================================
Received Prepare
Begin MonoManager ReloadAssembly
Symbol file LoadedFromMemory doesn't match image /Users/jasonlin778/Desktop/20250829MahjongGame/Library/PackageCache/com.unity.visualscripting@1.8.0/Editor/VisualScripting.Core/Dependencies/YamlDotNet/Unity.VisualScripting.YamlDotNet.dll
Symbol file LoadedFromMemory doesn't match image /Users/jasonlin778/Desktop/20250829MahjongGame/Library/PackageCache/com.unity.visualscripting@1.8.0/Editor/VisualScripting.Core/Dependencies/DotNetZip/Unity.VisualScripting.IonicZip.dll
- Loaded All Assemblies, in  2.251 seconds
Refreshing native plugins compatible for Editor in 2.23 ms, found 2 plugins.
Native extension for WindowsStandalone target not found
Native extension for Android target not found
Native extension for OSXStandalone target not found
Native extension for WebGL target not found
Mono: successfully reloaded assembly
- Finished resetting the current domain, in  1.679 seconds
Domain Reload Profiling: 3987ms
	BeginReloadAssembly (890ms)
		ExecutionOrderSort (0ms)
		DisableScriptedObjects (37ms)
		BackupInstance (0ms)
		ReleaseScriptingObjects (0ms)
		CreateAndSetChildDomain (314ms)
	RebuildCommonClasses (73ms)
	RebuildNativeTypeToScriptingClass (23ms)
	initialDomainReloadingComplete (53ms)
	LoadAllAssembliesAndSetupDomain (1268ms)
		LoadAssemblies (839ms)
		RebuildTransferFunctionScriptingTraits (0ms)
		AnalyzeDomain (686ms)
			TypeCache.Refresh (670ms)
				TypeCache.ScanAssembly (579ms)
			ScanForSourceGeneratedMonoScriptInfo (10ms)
			ResolveRequiredComponents (6ms)
	FinalizeReload (1680ms)
		ReleaseScriptCaches (0ms)
		RebuildScriptCaches (0ms)
		SetupLoadedEditorAssemblies (504ms)
			LogAssemblyErrors (0ms)
			InitializePlatformSupportModulesInManaged (47ms)
			SetLoadedEditorAssemblies (5ms)
			RefreshPlugins (0ms)
			BeforeProcessingInitializeOnLoad (75ms)
			ProcessInitializeOnLoadAttributes (351ms)
			ProcessInitializeOnLoadMethodAttributes (26ms)
			AfterProcessingInitializeOnLoad (1ms)
			EditorAssembliesLoaded (0ms)
		ExecutionOrderSort2 (0ms)
		AwakeInstancesAfterBackupRestoration (7ms)
Refreshing native plugins compatible for Editor in 1.63 ms, found 2 plugins.
Preloading 0 native plugins for Editor in 0.00 ms.
Unloading 3227 Unused Serialized files (Serialized files now loaded: 0)
Unloading 32 unused Assets / (0.6 MB). Loaded Objects now: 3798.
Memory consumption went from 196.0 MB to 195.4 MB.
Total: 6.589676 ms (FindLiveObjects: 0.817902 ms CreateObjectMapping: 0.283588 ms MarkObjects: 4.937642 ms  DeleteObjects: 0.549352 ms)

Prepare: number of updated asset objects reloaded= 0
AssetImportParameters requested are different than current active one (requested -> active):
  custom:container-demuxer-ogg: 62fdf1f143b41e24485cea50d1cbac27 -> 
  custom:video-decoder-ogg-theora: a1e56fd34408186e4bbccfd4996cb3dc -> 
  custom:container-demuxer-webm: 4f35f7cbe854078d1ac9338744f61a02 -> 
  custom:container-muxer-webm: aa71ff27fc2769a1b78a27578f13a17b -> 
  custom:video-decoder-webm-vp8: 9c59270c3fd7afecdb556c50c9e8de78 -> 
  custom:AudioImporter_EditorPlatform: 3918e3fc78b5a79bad01e8451be0beb8 -> 
  custom:framework-osx-AVFoundation: e770b220cccbd017edd2c1fefb359320 -> 
  custom:video-encoder-webm-vp8: eb34c28f22e8b96e1ab97ce403110664 -> 
  custom:audio-decoder-ogg-vorbis: bf7c407c2cedff20999df2af8eb42d56 -> 
  custom:audio-encoder-webm-vorbis: bf7c407c2cedff20999df2af8eb42d56 -> 
========================================================================
Received Prepare
Begin MonoManager ReloadAssembly
Symbol file LoadedFromMemory doesn't match image /Users/jasonlin778/Desktop/20250829MahjongGame/Library/PackageCache/com.unity.visualscripting@1.8.0/Editor/VisualScripting.Core/Dependencies/YamlDotNet/Unity.VisualScripting.YamlDotNet.dll
Symbol file LoadedFromMemory doesn't match image /Users/jasonlin778/Desktop/20250829MahjongGame/Library/PackageCache/com.unity.visualscripting@1.8.0/Editor/VisualScripting.Core/Dependencies/DotNetZip/Unity.VisualScripting.IonicZip.dll
- Loaded All Assemblies, in  1.436 seconds
Refreshing native plugins compatible for Editor in 2.19 ms, found 2 plugins.
Native extension for WindowsStandalone target not found
Native extension for Android target not found
Native extension for OSXStandalone target not found
Native extension for WebGL target not found
Mono: successfully reloaded assembly
- Finished resetting the current domain, in  2.210 seconds
Domain Reload Profiling: 3646ms
	BeginReloadAssembly (310ms)
		ExecutionOrderSort (0ms)
		DisableScriptedObjects (13ms)
		BackupInstance (0ms)
		ReleaseScriptingObjects (0ms)
		CreateAndSetChildDomain (147ms)
	RebuildCommonClasses (52ms)
	RebuildNativeTypeToScriptingClass (15ms)
	initialDomainReloadingComplete (50ms)
	LoadAllAssembliesAndSetupDomain (1008ms)
		LoadAssemblies (435ms)
		RebuildTransferFunctionScriptingTraits (0ms)
		AnalyzeDomain (669ms)
			TypeCache.Refresh (660ms)
				TypeCache.ScanAssembly (594ms)
			ScanForSourceGeneratedMonoScriptInfo (0ms)
			ResolveRequiredComponents (8ms)
	FinalizeReload (2210ms)
		ReleaseScriptCaches (0ms)
		RebuildScriptCaches (0ms)
		SetupLoadedEditorAssemblies (675ms)
			LogAssemblyErrors (0ms)
			InitializePlatformSupportModulesInManaged (50ms)
			SetLoadedEditorAssemblies (7ms)
			RefreshPlugins (0ms)
			BeforeProcessingInitializeOnLoad (92ms)
			ProcessInitializeOnLoadAttributes (486ms)
			ProcessInitializeOnLoadMethodAttributes (37ms)
			AfterProcessingInitializeOnLoad (2ms)
			EditorAssembliesLoaded (0ms)
		ExecutionOrderSort2 (0ms)
		AwakeInstancesAfterBackupRestoration (10ms)
Refreshing native plugins compatible for Editor in 1.95 ms, found 2 plugins.
Preloading 0 native plugins for Editor in 0.00 ms.
Unloading 3227 Unused Serialized files (Serialized files now loaded: 0)
Unloading 32 unused Assets / (0.6 MB). Loaded Objects now: 3801.
Memory consumption went from 200.0 MB to 199.3 MB.
Total: 7.166185 ms (FindLiveObjects: 0.460450 ms CreateObjectMapping: 0.332972 ms MarkObjects: 5.749591 ms  DeleteObjects: 0.621879 ms)

Prepare: number of updated asset objects reloaded= 0
AssetImportParameters requested are different than current active one (requested -> active):
  custom:container-demuxer-ogg: 62fdf1f143b41e24485cea50d1cbac27 -> 
  custom:video-decoder-ogg-theora: a1e56fd34408186e4bbccfd4996cb3dc -> 
  custom:container-demuxer-webm: 4f35f7cbe854078d1ac9338744f61a02 -> 
  custom:container-muxer-webm: aa71ff27fc2769a1b78a27578f13a17b -> 
  custom:video-decoder-webm-vp8: 9c59270c3fd7afecdb556c50c9e8de78 -> 
  custom:AudioImporter_EditorPlatform: 3918e3fc78b5a79bad01e8451be0beb8 -> 
  custom:framework-osx-AVFoundation: e770b220cccbd017edd2c1fefb359320 -> 
  custom:video-encoder-webm-vp8: eb34c28f22e8b96e1ab97ce403110664 -> 
  custom:audio-decoder-ogg-vorbis: bf7c407c2cedff20999df2af8eb42d56 -> 
  custom:audio-encoder-webm-vorbis: bf7c407c2cedff20999df2af8eb42d56 -> 
========================================================================
Received Import Request.
  Time since last request: 6292.447510 seconds.
  path: Assets/PolygonPrototype/Models/Character_FPSHands_01.fbx
  artifactKey: Guid(3c34d2567f522774bb262a3cfdbc15ae) Importer(815301076,1909f56bfc062723c751e8b465ee728b)
Start importing Assets/PolygonPrototype/Models/Character_FPSHands_01.fbx using Guid(3c34d2567f522774bb262a3cfdbc15ae) Importer(815301076,1909f56bfc062723c751e8b465ee728b)  -> (artifact id: '18874a7d67ec079f758383183a8345cc') in 0.714129 seconds
Number of updated asset objects reloaded before import = 0
Number of asset objects unloaded after import = 120
========================================================================
Received Import Request.
  Time since last request: 0.000228 seconds.
  path: Assets/PolygonPrototype/Models/SM_Buildings_FloorChamfered_2x2_01.fbx
  artifactKey: Guid(76cc0d5f0a23a7746939545b25c6c443) Importer(815301076,1909f56bfc062723c751e8b465ee728b)
Start importing Assets/PolygonPrototype/Models/SM_Buildings_FloorChamfered_2x2_01.fbx using Guid(76cc0d5f0a23a7746939545b25c6c443) Importer(815301076,1909f56bfc062723c751e8b465ee728b)  -> (artifact id: '37281f00f514853f1a46f6f5e28cb937') in 0.024787 seconds
Number of updated asset objects reloaded before import = 0
Number of asset objects unloaded after import = 7
========================================================================
Received Import Request.
  Time since last request: 0.000060 seconds.
  path: Assets/PolygonPrototype/Models/SM_Buildings_FloorHole_2x2_01.fbx
  artifactKey: Guid(e0e60385ca7898242b4e07f84e90d728) Importer(815301076,1909f56bfc062723c751e8b465ee728b)
Start importing Assets/PolygonPrototype/Models/SM_Buildings_FloorHole_2x2_01.fbx using Guid(e0e60385ca7898242b4e07f84e90d728) Importer(815301076,1909f56bfc062723c751e8b465ee728b)  -> (artifact id: '388b526586e3b95c6e001acc67362204') in 0.032154 seconds
Number of updated asset objects reloaded before import = 0
Number of asset objects unloaded after import = 7
========================================================================
Received Import Request.
  Time since last request: 0.000092 seconds.
  path: Assets/PolygonPrototype/Models/SM_Buildings_FloorCurved_1x1_01.fbx
  artifactKey: Guid(5d36a7f2cc18ba347b8ed5ef83b06f7f) Importer(815301076,1909f56bfc062723c751e8b465ee728b)
Start importing Assets/PolygonPrototype/Models/SM_Buildings_FloorCurved_1x1_01.fbx using Guid(5d36a7f2cc18ba347b8ed5ef83b06f7f) Importer(815301076,1909f56bfc062723c751e8b465ee728b)  -> (artifact id: '2e70c0b799171d60a7defd7d7ede9f7e') in 0.026873 seconds
Number of updated asset objects reloaded before import = 0
Number of asset objects unloaded after import = 7
========================================================================
Received Import Request.
  Time since last request: 0.000147 seconds.
  path: Assets/PolygonPrototype/Models/SM_Buildings_FloorHole_5x5_01.fbx
  artifactKey: Guid(f708e6521ccdf2a40aa73a43cc62c5be) Importer(815301076,1909f56bfc062723c751e8b465ee728b)
Start importing Assets/PolygonPrototype/Models/SM_Buildings_FloorHole_5x5_01.fbx using Guid(f708e6521ccdf2a40aa73a43cc62c5be) Importer(815301076,1909f56bfc062723c751e8b465ee728b)  -> (artifact id: 'db01abd504380be204d78d8c4b80a564') in 0.029542 seconds
Number of updated asset objects reloaded before import = 0
Number of asset objects unloaded after import = 7
========================================================================
Received Import Request.
  Time since last request: 0.000067 seconds.
  path: Assets/PolygonPrototype/Models/SM_Buildings_FloorInner_Curved_1x1_01.fbx
  artifactKey: Guid(757b44d57c065eb4fb47a106dc527c99) Importer(815301076,1909f56bfc062723c751e8b465ee728b)
Start importing Assets/PolygonPrototype/Models/SM_Buildings_FloorInner_Curved_1x1_01.fbx using Guid(757b44d57c065eb4fb47a106dc527c99) Importer(815301076,1909f56bfc062723c751e8b465ee728b)  -> (artifact id: 'efe790f9fd3b6cde885178282c873165') in 0.012399 seconds
Number of updated asset objects reloaded before import = 0
Number of asset objects unloaded after import = 7
========================================================================
Received Import Request.
  Time since last request: 0.000077 seconds.
  path: Assets/PolygonPrototype/Models/SM_Buildings_FloorInner_Curved_5x5_01.fbx
  artifactKey: Guid(52c22e70fe7f9e74e81b2a6d2b1deec2) Importer(815301076,1909f56bfc062723c751e8b465ee728b)
Start importing Assets/PolygonPrototype/Models/SM_Buildings_FloorInner_Curved_5x5_01.fbx using Guid(52c22e70fe7f9e74e81b2a6d2b1deec2) Importer(815301076,1909f56bfc062723c751e8b465ee728b)  -> (artifact id: 'cae5e3fa9f6a39dc24bb9e3536b4f6ef') in 0.026433 seconds
Number of updated asset objects reloaded before import = 0
Number of asset objects unloaded after import = 7
========================================================================
Received Import Request.
  Time since last request: 0.000095 seconds.
  path: Assets/PolygonPrototype/Models/SM_Buildings_FloorInner_Curved_1x1_01P.fbx
  artifactKey: Guid(de27ac15b544cd6469a3b4d2be085dc5) Importer(815301076,1909f56bfc062723c751e8b465ee728b)
Start importing Assets/PolygonPrototype/Models/SM_Buildings_FloorInner_Curved_1x1_01P.fbx using Guid(de27ac15b544cd6469a3b4d2be085dc5) Importer(815301076,1909f56bfc062723c751e8b465ee728b)  -> (artifact id: 'c6fcb05e717b14bf6f77010578b7a7a4') in 0.024262 seconds
Number of updated asset objects reloaded before import = 0
Number of asset objects unloaded after import = 7
========================================================================
Received Import Request.
  Time since last request: 0.000121 seconds.
  path: Assets/PolygonPrototype/Models/SM_Buildings_FloorChamfered_1x1_01.fbx
  artifactKey: Guid(c6e43da7d740fcf4481d0b4e40c358a1) Importer(815301076,1909f56bfc062723c751e8b465ee728b)
Start importing Assets/PolygonPrototype/Models/SM_Buildings_FloorChamfered_1x1_01.fbx using Guid(c6e43da7d740fcf4481d0b4e40c358a1) Importer(815301076,1909f56bfc062723c751e8b465ee728b)  -> (artifact id: '55b8ab8e88de227d32e503172d4ff297') in 0.024932 seconds
Number of updated asset objects reloaded before import = 0
Number of asset objects unloaded after import = 7
========================================================================
Received Import Request.
  Time since last request: 0.000084 seconds.
  path: Assets/PolygonPrototype/Models/SM_Buildings_FloorInner_Curved_2x2_01.fbx
  artifactKey: Guid(5d85c4420def25e4e9552dc06bce40a0) Importer(815301076,1909f56bfc062723c751e8b465ee728b)
Start importing Assets/PolygonPrototype/Models/SM_Buildings_FloorInner_Curved_2x2_01.fbx using Guid(5d85c4420def25e4e9552dc06bce40a0) Importer(815301076,1909f56bfc062723c751e8b465ee728b)  -> (artifact id: '575966d1dcecf49e0a5fa7ee93e0e0cb') in 0.022785 seconds
Number of updated asset objects reloaded before import = 0
Number of asset objects unloaded after import = 7
========================================================================
Received Import Request.
  Time since last request: 0.000075 seconds.
  path: Assets/PolygonPrototype/Models/SM_Buildings_Rail_1x1_01.fbx
  artifactKey: Guid(c5bcb4f8573cb194dbacfa8c510e94f1) Importer(815301076,1909f56bfc062723c751e8b465ee728b)
Start importing Assets/PolygonPrototype/Models/SM_Buildings_Rail_1x1_01.fbx using Guid(c5bcb4f8573cb194dbacfa8c510e94f1) Importer(815301076,1909f56bfc062723c751e8b465ee728b)  -> (artifact id: '692a15b7e4a798a1b785c87a7b67bc99') in 0.028495 seconds
Number of updated asset objects reloaded before import = 0
Number of asset objects unloaded after import = 7
========================================================================
Received Import Request.
  Time since last request: 0.000185 seconds.
  path: Assets/PolygonPrototype/Models/SM_Buildings_FloorAngle_1x1_01P.fbx
  artifactKey: Guid(4984bd6409c68b741b7d860318f764e3) Importer(815301076,1909f56bfc062723c751e8b465ee728b)
Start importing Assets/PolygonPrototype/Models/SM_Buildings_FloorAngle_1x1_01P.fbx using Guid(4984bd6409c68b741b7d860318f764e3) Importer(815301076,1909f56bfc062723c751e8b465ee728b)  -> (artifact id: 'a48d1448420ea8bf21dc9cf83b27e42a') in 0.022852 seconds
Number of updated asset objects reloaded before import = 0
Number of asset objects unloaded after import = 7
========================================================================
Received Import Request.
  Time since last request: 0.000073 seconds.
  path: Assets/PolygonPrototype/Models/SM_Buildings_FloorHole_1x1_01.fbx
  artifactKey: Guid(d02e53d638e6f3e4abd2b2f206f9e7a5) Importer(815301076,1909f56bfc062723c751e8b465ee728b)
Start importing Assets/PolygonPrototype/Models/SM_Buildings_FloorHole_1x1_01.fbx using Guid(d02e53d638e6f3e4abd2b2f206f9e7a5) Importer(815301076,1909f56bfc062723c751e8b465ee728b)  -> (artifact id: 'abb76cc91b05a13c8542d8fb94449dde') in 0.027916 seconds
Number of updated asset objects reloaded before import = 0
Number of asset objects unloaded after import = 7
========================================================================
Received Import Request.
  Time since last request: 0.000063 seconds.
  path: Assets/PolygonPrototype/Models/SM_Buildings_FloorHole_1x1_01P.fbx
  artifactKey: Guid(1493d176cf288564ea48497dc492a25d) Importer(815301076,1909f56bfc062723c751e8b465ee728b)
Start importing Assets/PolygonPrototype/Models/SM_Buildings_FloorHole_1x1_01P.fbx using Guid(1493d176cf288564ea48497dc492a25d) Importer(815301076,1909f56bfc062723c751e8b465ee728b)  -> (artifact id: '16d9b57e00109e2ad47f677573567319') in 0.013849 seconds
Number of updated asset objects reloaded before import = 0
Number of asset objects unloaded after import = 7
========================================================================
Received Import Request.
  Time since last request: 0.000134 seconds.
  path: Assets/PolygonPrototype/Models/SM_Buildings_RailStairs_1x1_01P.fbx
  artifactKey: Guid(706c3ab02139d744896f9e28f63949bb) Importer(815301076,1909f56bfc062723c751e8b465ee728b)
Start importing Assets/PolygonPrototype/Models/SM_Buildings_RailStairs_1x1_01P.fbx using Guid(706c3ab02139d744896f9e28f63949bb) Importer(815301076,1909f56bfc062723c751e8b465ee728b)  -> (artifact id: 'fb65ebd6623c703c86fc5ece3f0ab9aa') in 0.013285 seconds
Number of updated asset objects reloaded before import = 0
Number of asset objects unloaded after import = 7
========================================================================
Received Import Request.
  Time since last request: 0.000078 seconds.
  path: Assets/PolygonPrototype/Models/SM_Buildings_Ramp_30_1x1_01.fbx
  artifactKey: Guid(9680bb21f6e9c5e46845d5c6875584e9) Importer(815301076,1909f56bfc062723c751e8b465ee728b)
Start importing Assets/PolygonPrototype/Models/SM_Buildings_Ramp_30_1x1_01.fbx using Guid(9680bb21f6e9c5e46845d5c6875584e9) Importer(815301076,1909f56bfc062723c751e8b465ee728b)  -> (artifact id: '8150f842bf1934ec7604e99d311ca767') in 0.014976 seconds
Number of updated asset objects reloaded before import = 0
Number of asset objects unloaded after import = 7
========================================================================
Received Import Request.
  Time since last request: 0.000133 seconds.
  path: Assets/PolygonPrototype/Models/SM_Buildings_Ramp_35_1x1_01P.fbx
  artifactKey: Guid(eb83ae6466a82db4b90cab123d47325d) Importer(815301076,1909f56bfc062723c751e8b465ee728b)
Start importing Assets/PolygonPrototype/Models/SM_Buildings_Ramp_35_1x1_01P.fbx using Guid(eb83ae6466a82db4b90cab123d47325d) Importer(815301076,1909f56bfc062723c751e8b465ee728b)  -> (artifact id: 'b6b5785884e4ef90fe207883a4f81dfd') in 0.038527 seconds
Number of updated asset objects reloaded before import = 0
Number of asset objects unloaded after import = 7
========================================================================
Received Import Request.
  Time since last request: 0.000068 seconds.
  path: Assets/PolygonPrototype/Models/SM_Buildings_Ramp_35_1x1_01.fbx
  artifactKey: Guid(82348002ad668f346b59d3348c58ba67) Importer(815301076,1909f56bfc062723c751e8b465ee728b)
Start importing Assets/PolygonPrototype/Models/SM_Buildings_Ramp_35_1x1_01.fbx using Guid(82348002ad668f346b59d3348c58ba67) Importer(815301076,1909f56bfc062723c751e8b465ee728b)  -> (artifact id: 'c7b3e416dac9ca5d2c8e5cff349f7334') in 0.014694 seconds
Number of updated asset objects reloaded before import = 0
Number of asset objects unloaded after import = 7
========================================================================
Received Import Request.
  Time since last request: 0.000102 seconds.
  path: Assets/PolygonPrototype/Models/SM_Buildings_Ramp_30_1x1_01P.fbx
  artifactKey: Guid(066d1ccad821e0d4981b223352ed1a2d) Importer(815301076,1909f56bfc062723c751e8b465ee728b)
Start importing Assets/PolygonPrototype/Models/SM_Buildings_Ramp_30_1x1_01P.fbx using Guid(066d1ccad821e0d4981b223352ed1a2d) Importer(815301076,1909f56bfc062723c751e8b465ee728b)  -> (artifact id: '59c2c2dc19b4b45b8459c4d1db83ceea') in 0.022350 seconds
Number of updated asset objects reloaded before import = 0
Number of asset objects unloaded after import = 7
========================================================================
Received Import Request.
  Time since last request: 0.000068 seconds.
  path: Assets/PolygonPrototype/Models/SM_Buildings_Ramp_45_1x1_01P.fbx
  artifactKey: Guid(9062750ab2c50154d97e419667e77b0f) Importer(815301076,1909f56bfc062723c751e8b465ee728b)
Start importing Assets/PolygonPrototype/Models/SM_Buildings_Ramp_45_1x1_01P.fbx using Guid(9062750ab2c50154d97e419667e77b0f) Importer(815301076,1909f56bfc062723c751e8b465ee728b)  -> (artifact id: 'f4333c8137b9490d6cccd4b3f2a65656') in 0.013469 seconds
Number of updated asset objects reloaded before import = 0
Number of asset objects unloaded after import = 7
========================================================================
Received Import Request.
  Time since last request: 0.000749 seconds.
  path: Assets/PolygonPrototype/Models/SM_Buildings_Ramp_70_1x1_01.fbx
  artifactKey: Guid(fc2c81bcdcc76754f932a5b884b9472d) Importer(815301076,1909f56bfc062723c751e8b465ee728b)
Start importing Assets/PolygonPrototype/Models/SM_Buildings_Ramp_70_1x1_01.fbx using Guid(fc2c81bcdcc76754f932a5b884b9472d) Importer(815301076,1909f56bfc062723c751e8b465ee728b)  -> (artifact id: 'dccbde89c97d3f698211cedc19b2c222') in 0.017605 seconds
Number of updated asset objects reloaded before import = 0
Number of asset objects unloaded after import = 7
========================================================================
Received Import Request.
  Time since last request: 0.000071 seconds.
  path: Assets/PolygonPrototype/Models/SM_Buildings_Ramp_55_1x1_01P.fbx
  artifactKey: Guid(07b430dbba196884e8d93522495830e2) Importer(815301076,1909f56bfc062723c751e8b465ee728b)
Start importing Assets/PolygonPrototype/Models/SM_Buildings_Ramp_55_1x1_01P.fbx using Guid(07b430dbba196884e8d93522495830e2) Importer(815301076,1909f56bfc062723c751e8b465ee728b)  -> (artifact id: '1ce75b2449d652b95ac217369c871db4') in 0.015703 seconds
Number of updated asset objects reloaded before import = 0
Number of asset objects unloaded after import = 7
========================================================================
Received Import Request.
  Time since last request: 0.000125 seconds.
  path: Assets/PolygonPrototype/Models/SM_Buildings_Ramp_Corner_1x1_01.fbx
  artifactKey: Guid(511d99d66fd978741b5c0785e2ebfdc0) Importer(815301076,1909f56bfc062723c751e8b465ee728b)
Start importing Assets/PolygonPrototype/Models/SM_Buildings_Ramp_Corner_1x1_01.fbx using Guid(511d99d66fd978741b5c0785e2ebfdc0) Importer(815301076,1909f56bfc062723c751e8b465ee728b)  -> (artifact id: '196dfc46c363a71c87ffff6d0e329240') in 0.011761 seconds
Number of updated asset objects reloaded before import = 0
Number of asset objects unloaded after import = 7
========================================================================
Received Import Request.
  Time since last request: 0.000172 seconds.
  path: Assets/PolygonPrototype/Models/SM_Buildings_Ramp_Corner_1x1_01P.fbx
  artifactKey: Guid(fc6a33c2d2d84ab4f818c00a1ffed0b5) Importer(815301076,1909f56bfc062723c751e8b465ee728b)
Start importing Assets/PolygonPrototype/Models/SM_Buildings_Ramp_Corner_1x1_01P.fbx using Guid(fc6a33c2d2d84ab4f818c00a1ffed0b5) Importer(815301076,1909f56bfc062723c751e8b465ee728b)  -> (artifact id: 'c91a34ea8aea195247875b9e897211dd') in 0.012717 seconds
Number of updated asset objects reloaded before import = 0
Number of asset objects unloaded after import = 7
========================================================================
Received Import Request.
  Time since last request: 0.000138 seconds.
  path: Assets/PolygonPrototype/Models/SM_Buildings_RoofAngledCornerMiddle_5x5_01.fbx
  artifactKey: Guid(c47b46bd289fbcf40a5a0ce828da8f86) Importer(815301076,1909f56bfc062723c751e8b465ee728b)
Start importing Assets/PolygonPrototype/Models/SM_Buildings_RoofAngledCornerMiddle_5x5_01.fbx using Guid(c47b46bd289fbcf40a5a0ce828da8f86) Importer(815301076,1909f56bfc062723c751e8b465ee728b)  -> (artifact id: 'de95c6edbdc65434b519d061da68bcd4') in 0.012102 seconds
Number of updated asset objects reloaded before import = 0
Number of asset objects unloaded after import = 7
========================================================================
Received Import Request.
  Time since last request: 0.000103 seconds.
  path: Assets/PolygonPrototype/Models/SM_Buildings_RoofAngled_2x2_01.fbx
  artifactKey: Guid(81679a764e1ae56448fa294dfffdf906) Importer(815301076,1909f56bfc062723c751e8b465ee728b)
Start importing Assets/PolygonPrototype/Models/SM_Buildings_RoofAngled_2x2_01.fbx using Guid(81679a764e1ae56448fa294dfffdf906) Importer(815301076,1909f56bfc062723c751e8b465ee728b)  -> (artifact id: '2ea024326c7f8586d86c837d9e7796f3') in 0.036321 seconds
Number of updated asset objects reloaded before import = 0
Number of asset objects unloaded after import = 7
========================================================================
Received Import Request.
  Time since last request: 0.000161 seconds.
  path: Assets/PolygonPrototype/Models/SM_Buildings_Ramp_65_1x1_01.fbx
  artifactKey: Guid(672caa81702b2b94d88ecc083d978687) Importer(815301076,1909f56bfc062723c751e8b465ee728b)
Start importing Assets/PolygonPrototype/Models/SM_Buildings_Ramp_65_1x1_01.fbx using Guid(672caa81702b2b94d88ecc083d978687) Importer(815301076,1909f56bfc062723c751e8b465ee728b)  -> (artifact id: '1737e4d517b2fc3e2f3940825c700bb8') in 0.028656 seconds
Number of updated asset objects reloaded before import = 0
Number of asset objects unloaded after import = 7
========================================================================
Received Import Request.
  Time since last request: 0.000100 seconds.
  path: Assets/PolygonPrototype/Models/SM_Buildings_RoofAngledCornerInner_2x2_01P.fbx
  artifactKey: Guid(99db13b6803f3f547b62fa433780c667) Importer(815301076,1909f56bfc062723c751e8b465ee728b)
Start importing Assets/PolygonPrototype/Models/SM_Buildings_RoofAngledCornerInner_2x2_01P.fbx using Guid(99db13b6803f3f547b62fa433780c667) Importer(815301076,1909f56bfc062723c751e8b465ee728b)  -> (artifact id: '62172c9bc46d21d46f3eaf86e8a10673') in 0.022412 seconds
Number of updated asset objects reloaded before import = 0
Number of asset objects unloaded after import = 7
========================================================================
Received Import Request.
  Time since last request: 0.000063 seconds.
  path: Assets/PolygonPrototype/Models/SM_Buildings_RoofAngledCornerInner_5x5_01.fbx
  artifactKey: Guid(be8f819c642386547b240d085e469589) Importer(815301076,1909f56bfc062723c751e8b465ee728b)
Start importing Assets/PolygonPrototype/Models/SM_Buildings_RoofAngledCornerInner_5x5_01.fbx using Guid(be8f819c642386547b240d085e469589) Importer(815301076,1909f56bfc062723c751e8b465ee728b)  -> (artifact id: 'fa3d4feae7e7fbe5a35f0e3caf0c6a8e') in 0.032683 seconds
Number of updated asset objects reloaded before import = 0
Number of asset objects unloaded after import = 7
========================================================================
Received Import Request.
  Time since last request: 0.000370 seconds.
  path: Assets/PolygonPrototype/Models/SM_Buildings_Ramp_45_1x1_01.fbx
  artifactKey: Guid(e773e5e2f9670824bad8b836f8425d2c) Importer(815301076,1909f56bfc062723c751e8b465ee728b)
Start importing Assets/PolygonPrototype/Models/SM_Buildings_Ramp_45_1x1_01.fbx using Guid(e773e5e2f9670824bad8b836f8425d2c) Importer(815301076,1909f56bfc062723c751e8b465ee728b)  -> (artifact id: '9a49bc2718e32e38dc8e9a6f398cbaf4') in 0.023448 seconds
Number of updated asset objects reloaded before import = 0
Number of asset objects unloaded after import = 7
========================================================================
Received Import Request.
  Time since last request: 0.000203 seconds.
  path: Assets/PolygonPrototype/Models/SM_Buildings_Rail_1x1_01P.fbx
  artifactKey: Guid(44a27fa982e24ef4d94fe0285eb20b0c) Importer(815301076,1909f56bfc062723c751e8b465ee728b)
Start importing Assets/PolygonPrototype/Models/SM_Buildings_Rail_1x1_01P.fbx using Guid(44a27fa982e24ef4d94fe0285eb20b0c) Importer(815301076,1909f56bfc062723c751e8b465ee728b)  -> (artifact id: '9166640d77a8dfdd82988dc989e8c94a') in 0.023522 seconds
Number of updated asset objects reloaded before import = 0
Number of asset objects unloaded after import = 7
========================================================================
Received Import Request.
  Time since last request: 0.000095 seconds.
  path: Assets/PolygonPrototype/Models/SM_Buildings_FloorAngle_2x2_01P.fbx
  artifactKey: Guid(f6345c5ffba7efc4eb81aef2671a8761) Importer(815301076,1909f56bfc062723c751e8b465ee728b)
Start importing Assets/PolygonPrototype/Models/SM_Buildings_FloorAngle_2x2_01P.fbx using Guid(f6345c5ffba7efc4eb81aef2671a8761) Importer(815301076,1909f56bfc062723c751e8b465ee728b)  -> (artifact id: '767c15889088803eeb89abd598e5a3b8') in 0.025321 seconds
Number of updated asset objects reloaded before import = 0
Number of asset objects unloaded after import = 7
========================================================================
Received Import Request.
  Time since last request: 0.000137 seconds.
  path: Assets/PolygonPrototype/Models/SM_Buildings_Rail_5x1_01P.fbx
  artifactKey: Guid(73282c0f90bcc6a45bf711cbfe956e50) Importer(815301076,1909f56bfc062723c751e8b465ee728b)
Start importing Assets/PolygonPrototype/Models/SM_Buildings_Rail_5x1_01P.fbx using Guid(73282c0f90bcc6a45bf711cbfe956e50) Importer(815301076,1909f56bfc062723c751e8b465ee728b)  -> (artifact id: '6514926075f3ca12d570140455281c8f') in 0.026399 seconds
Number of updated asset objects reloaded before import = 0
Number of asset objects unloaded after import = 7
========================================================================
Received Import Request.
  Time since last request: 0.000177 seconds.
  path: Assets/PolygonPrototype/Models/SM_Buildings_FloorChamfered_5x5_01.fbx
  artifactKey: Guid(06e596ecc27c4924dacded348dc7c3a5) Importer(815301076,1909f56bfc062723c751e8b465ee728b)
Start importing Assets/PolygonPrototype/Models/SM_Buildings_FloorChamfered_5x5_01.fbx using Guid(06e596ecc27c4924dacded348dc7c3a5) Importer(815301076,1909f56bfc062723c751e8b465ee728b)  -> (artifact id: '3a8a017f129e381a247e07d9ad6fbf19') in 0.023754 seconds
Number of updated asset objects reloaded before import = 0
Number of asset objects unloaded after import = 7
========================================================================
Received Import Request.
  Time since last request: 0.000370 seconds.
  path: Assets/PolygonPrototype/Models/SM_Buildings_RoofAngled_2x2_01P.fbx
  artifactKey: Guid(7fba5b447b033a84a8beafd094a7be3b) Importer(815301076,1909f56bfc062723c751e8b465ee728b)
Start importing Assets/PolygonPrototype/Models/SM_Buildings_RoofAngled_2x2_01P.fbx using Guid(7fba5b447b033a84a8beafd094a7be3b) Importer(815301076,1909f56bfc062723c751e8b465ee728b)  -> (artifact id: '2d0468e44d202d12671b4e83508a5513') in 0.027229 seconds
Number of updated asset objects reloaded before import = 0
Number of asset objects unloaded after import = 7
========================================================================
Received Import Request.
  Time since last request: 0.000099 seconds.
  path: Assets/PolygonPrototype/Models/SM_Buildings_RoofAngledCornerOuter_2x2_01.fbx
  artifactKey: Guid(4e7b957c94835a045a4ceec35bd07e35) Importer(815301076,1909f56bfc062723c751e8b465ee728b)
Start importing Assets/PolygonPrototype/Models/SM_Buildings_RoofAngledCornerOuter_2x2_01.fbx using Guid(4e7b957c94835a045a4ceec35bd07e35) Importer(815301076,1909f56bfc062723c751e8b465ee728b)  -> (artifact id: 'ce61712246f8cbb7838c3d826b76a0fe') in 0.017850 seconds
Number of updated asset objects reloaded before import = 0
Number of asset objects unloaded after import = 7
========================================================================
Received Import Request.
  Time since last request: 0.000092 seconds.
  path: Assets/PolygonPrototype/Models/SM_Buildings_Ramp_55_1x1_01.fbx
  artifactKey: Guid(f80bec96a9d981b44be16ce6da15e85a) Importer(815301076,1909f56bfc062723c751e8b465ee728b)
Start importing Assets/PolygonPrototype/Models/SM_Buildings_Ramp_55_1x1_01.fbx using Guid(f80bec96a9d981b44be16ce6da15e85a) Importer(815301076,1909f56bfc062723c751e8b465ee728b)  -> (artifact id: '4ccb57f7f5786167ea56f079b13f072b') in 0.024247 seconds
Number of updated asset objects reloaded before import = 0
Number of asset objects unloaded after import = 7
========================================================================
Received Import Request.
  Time since last request: 0.000100 seconds.
  path: Assets/PolygonPrototype/Models/SM_Buildings_RoofAngled_1x1_01P.fbx
  artifactKey: Guid(9519322d03271a34e8b2413230c4e3ff) Importer(815301076,1909f56bfc062723c751e8b465ee728b)
Start importing Assets/PolygonPrototype/Models/SM_Buildings_RoofAngled_1x1_01P.fbx using Guid(9519322d03271a34e8b2413230c4e3ff) Importer(815301076,1909f56bfc062723c751e8b465ee728b)  -> (artifact id: '6efb4312d647f25e593c0911a9889296') in 0.021996 seconds
Number of updated asset objects reloaded before import = 0
Number of asset objects unloaded after import = 7
========================================================================
Received Import Request.
  Time since last request: 0.000070 seconds.
  path: Assets/PolygonPrototype/Models/SM_Buildings_RoofAngledCornerInner_1x1_01.fbx
  artifactKey: Guid(2b5aebd9d645bfe498b624603d4ed59f) Importer(815301076,1909f56bfc062723c751e8b465ee728b)
Start importing Assets/PolygonPrototype/Models/SM_Buildings_RoofAngledCornerInner_1x1_01.fbx using Guid(2b5aebd9d645bfe498b624603d4ed59f) Importer(815301076,1909f56bfc062723c751e8b465ee728b)  -> (artifact id: 'af82657b7e7e86df0ba1584ea2ed59aa') in 0.024521 seconds
Number of updated asset objects reloaded before import = 0
Number of asset objects unloaded after import = 7
========================================================================
Received Import Request.
  Time since last request: 0.000080 seconds.
  path: Assets/PolygonPrototype/Models/SM_Buildings_RoofAngledCornerMiddle_2x2_01P.fbx
  artifactKey: Guid(64bc5851aa4a2b04997325a9e65b1e1a) Importer(815301076,1909f56bfc062723c751e8b465ee728b)
Start importing Assets/PolygonPrototype/Models/SM_Buildings_RoofAngledCornerMiddle_2x2_01P.fbx using Guid(64bc5851aa4a2b04997325a9e65b1e1a) Importer(815301076,1909f56bfc062723c751e8b465ee728b)  -> (artifact id: 'd0f52626ab10451688c28a66d1dd2c5a') in 0.020751 seconds
Number of updated asset objects reloaded before import = 0
Number of asset objects unloaded after import = 7
========================================================================
Received Import Request.
  Time since last request: 0.000127 seconds.
  path: Assets/PolygonPrototype/Models/SM_Buildings_RoofAngled_5x5_01.fbx
  artifactKey: Guid(e9df72721bd4bc74399d147d14cf4fbd) Importer(815301076,1909f56bfc062723c751e8b465ee728b)
Start importing Assets/PolygonPrototype/Models/SM_Buildings_RoofAngled_5x5_01.fbx using Guid(e9df72721bd4bc74399d147d14cf4fbd) Importer(815301076,1909f56bfc062723c751e8b465ee728b)  -> (artifact id: 'f1117bfa1132872b942a17dbbcaeefd4') in 0.017256 seconds
Number of updated asset objects reloaded before import = 0
Number of asset objects unloaded after import = 7
========================================================================
Received Import Request.
  Time since last request: 0.000125 seconds.
  path: Assets/PolygonPrototype/Models/SM_Buildings_FloorAngle_5x5_01P.fbx
  artifactKey: Guid(d16b3e6cb92f61449980843d1c320717) Importer(815301076,1909f56bfc062723c751e8b465ee728b)
Start importing Assets/PolygonPrototype/Models/SM_Buildings_FloorAngle_5x5_01P.fbx using Guid(d16b3e6cb92f61449980843d1c320717) Importer(815301076,1909f56bfc062723c751e8b465ee728b)  -> (artifact id: '749a987744fdc674c59ded113a65300f') in 0.016302 seconds
Number of updated asset objects reloaded before import = 0
Number of asset objects unloaded after import = 7
========================================================================
Received Import Request.
  Time since last request: 0.000075 seconds.
  path: Assets/PolygonPrototype/Models/SM_Buildings_RoofAngledPoint_1x1_01P.fbx
  artifactKey: Guid(de85aaebf1c22f148b09e612deba07de) Importer(815301076,1909f56bfc062723c751e8b465ee728b)
Start importing Assets/PolygonPrototype/Models/SM_Buildings_RoofAngledPoint_1x1_01P.fbx using Guid(de85aaebf1c22f148b09e612deba07de) Importer(815301076,1909f56bfc062723c751e8b465ee728b)  -> (artifact id: '5bdc25bd46248fcfe139823ed2308c0e') in 0.015364 seconds
Number of updated asset objects reloaded before import = 0
Number of asset objects unloaded after import = 7
========================================================================
Received Import Request.
  Time since last request: 0.000090 seconds.
  path: Assets/PolygonPrototype/Models/SM_Buildings_RoofAngledPoint_5x5_01.fbx
  artifactKey: Guid(1a7ddaffa000590469aad7576a0bfcb8) Importer(815301076,1909f56bfc062723c751e8b465ee728b)
Start importing Assets/PolygonPrototype/Models/SM_Buildings_RoofAngledPoint_5x5_01.fbx using Guid(1a7ddaffa000590469aad7576a0bfcb8) Importer(815301076,1909f56bfc062723c751e8b465ee728b)  -> (artifact id: 'd04508e75ad1ee24958e3d9fe19d8e6e') in 0.021385 seconds
Number of updated asset objects reloaded before import = 0
Number of asset objects unloaded after import = 7
========================================================================
Received Import Request.
  Time since last request: 0.000176 seconds.
  path: Assets/PolygonPrototype/Models/SM_Buildings_Stairs_1x2_01P.fbx
  artifactKey: Guid(bd39e079fffaabd4384d356e7713f050) Importer(815301076,1909f56bfc062723c751e8b465ee728b)
Start importing Assets/PolygonPrototype/Models/SM_Buildings_Stairs_1x2_01P.fbx using Guid(bd39e079fffaabd4384d356e7713f050) Importer(815301076,1909f56bfc062723c751e8b465ee728b)  -> (artifact id: '3913e50d0aa5f417638e45bdd584a3b3') in 0.020897 seconds
Number of updated asset objects reloaded before import = 0
Number of asset objects unloaded after import = 7
========================================================================
Received Import Request.
  Time since last request: 0.000090 seconds.
  path: Assets/PolygonPrototype/Models/SM_Buildings_Stairs_1x2_01.fbx
  artifactKey: Guid(d541909567834dc4f9038a90f73aa161) Importer(815301076,1909f56bfc062723c751e8b465ee728b)
Start importing Assets/PolygonPrototype/Models/SM_Buildings_Stairs_1x2_01.fbx using Guid(d541909567834dc4f9038a90f73aa161) Importer(815301076,1909f56bfc062723c751e8b465ee728b)  -> (artifact id: '9e55ceea06a7905aed39b01eadc1cfd3') in 0.018065 seconds
Number of updated asset objects reloaded before import = 0
Number of asset objects unloaded after import = 7
========================================================================
Received Import Request.
  Time since last request: 0.000077 seconds.
  path: Assets/PolygonPrototype/Models/SM_Buildings_Stairs_1x1_01.fbx
  artifactKey: Guid(68472b6ee0a878143b1d10804a97dd75) Importer(815301076,1909f56bfc062723c751e8b465ee728b)
Start importing Assets/PolygonPrototype/Models/SM_Buildings_Stairs_1x1_01.fbx using Guid(68472b6ee0a878143b1d10804a97dd75) Importer(815301076,1909f56bfc062723c751e8b465ee728b)  -> (artifact id: '852efcae2d55f82f7b484fb5d462fa24') in 0.018933 seconds
Number of updated asset objects reloaded before import = 0
Number of asset objects unloaded after import = 7
========================================================================
Received Import Request.
  Time since last request: 0.000275 seconds.
  path: Assets/PolygonPrototype/Models/SM_Buildings_Stairs_1x3_01P.fbx
  artifactKey: Guid(0659dfd1f606cd847b70916e7fa82a8e) Importer(815301076,1909f56bfc062723c751e8b465ee728b)
Start importing Assets/PolygonPrototype/Models/SM_Buildings_Stairs_1x3_01P.fbx using Guid(0659dfd1f606cd847b70916e7fa82a8e) Importer(815301076,1909f56bfc062723c751e8b465ee728b)  -> (artifact id: '06440a54e5e95c845c5b19381059f390') in 0.012928 seconds
Number of updated asset objects reloaded before import = 0
Number of asset objects unloaded after import = 7
========================================================================
Received Import Request.
  Time since last request: 0.000119 seconds.
  path: Assets/PolygonPrototype/Models/SM_Buildings_Wall_1x3_01P.fbx
  artifactKey: Guid(bcaade8f0d932ed49b091d387f4dcddd) Importer(815301076,1909f56bfc062723c751e8b465ee728b)
Start importing Assets/PolygonPrototype/Models/SM_Buildings_Wall_1x3_01P.fbx using Guid(bcaade8f0d932ed49b091d387f4dcddd) Importer(815301076,1909f56bfc062723c751e8b465ee728b)  -> (artifact id: '67899bfbae51bbde34250e9ea6328426') in 0.014497 seconds
Number of updated asset objects reloaded before import = 0
Number of asset objects unloaded after import = 7
========================================================================
Received Import Request.
  Time since last request: 0.000089 seconds.
  path: Assets/PolygonPrototype/Models/SM_Buildings_Wall_5x3_01P.fbx
  artifactKey: Guid(002aad209296b1b48bb25b46d18ad50d) Importer(815301076,1909f56bfc062723c751e8b465ee728b)
Start importing Assets/PolygonPrototype/Models/SM_Buildings_Wall_5x3_01P.fbx using Guid(002aad209296b1b48bb25b46d18ad50d) Importer(815301076,1909f56bfc062723c751e8b465ee728b)  -> (artifact id: '26522206b946a49c307f71d989abfff6') in 0.014134 seconds
Number of updated asset objects reloaded before import = 0
Number of asset objects unloaded after import = 7
========================================================================
Received Import Request.
  Time since last request: 0.000092 seconds.
  path: Assets/PolygonPrototype/Models/SM_Buildings_Stairs_1x3_02P.fbx
  artifactKey: Guid(0cf80bc870521634b91a1e5705897057) Importer(815301076,1909f56bfc062723c751e8b465ee728b)
Start importing Assets/PolygonPrototype/Models/SM_Buildings_Stairs_1x3_02P.fbx using Guid(0cf80bc870521634b91a1e5705897057) Importer(815301076,1909f56bfc062723c751e8b465ee728b)  -> (artifact id: 'b6d209266889c4fd13f86b2fde68965f') in 0.026423 seconds
Number of updated asset objects reloaded before import = 0
Number of asset objects unloaded after import = 7
========================================================================
Received Import Request.
  Time since last request: 0.000063 seconds.
  path: Assets/PolygonPrototype/Models/SM_Buildings_RoofAngledCornerOuter_5x5_01P.fbx
  artifactKey: Guid(c0868e356fce7e440a1d7d84b43ded6d) Importer(815301076,1909f56bfc062723c751e8b465ee728b)
Start importing Assets/PolygonPrototype/Models/SM_Buildings_RoofAngledCornerOuter_5x5_01P.fbx using Guid(c0868e356fce7e440a1d7d84b43ded6d) Importer(815301076,1909f56bfc062723c751e8b465ee728b)  -> (artifact id: '07b7f6490340e67c053cd53719d2a1e1') in 0.014884 seconds
Number of updated asset objects reloaded before import = 0
Number of asset objects unloaded after import = 7
========================================================================
Received Import Request.
  Time since last request: 0.000107 seconds.
  path: Assets/PolygonPrototype/Models/SM_Buildings_Stairs_1x2_02P.fbx
  artifactKey: Guid(fba19e012a1e415409fb0875e6159e41) Importer(815301076,1909f56bfc062723c751e8b465ee728b)
Start importing Assets/PolygonPrototype/Models/SM_Buildings_Stairs_1x2_02P.fbx using Guid(fba19e012a1e415409fb0875e6159e41) Importer(815301076,1909f56bfc062723c751e8b465ee728b)  -> (artifact id: '0e817933263076ed876256a3c82d05e6') in 0.020512 seconds
Number of updated asset objects reloaded before import = 0
Number of asset objects unloaded after import = 7
========================================================================
Received Import Request.
  Time since last request: 0.000066 seconds.
  path: Assets/PolygonPrototype/Models/SM_Buildings_WallChamfered_1x1_01.fbx
  artifactKey: Guid(9c26cb658adccb94c9f058d4a0231e8d) Importer(815301076,1909f56bfc062723c751e8b465ee728b)
Start importing Assets/PolygonPrototype/Models/SM_Buildings_WallChamfered_1x1_01.fbx using Guid(9c26cb658adccb94c9f058d4a0231e8d) Importer(815301076,1909f56bfc062723c751e8b465ee728b)  -> (artifact id: 'd6d8b16104aff50414064f1e4aefe647') in 0.011558 seconds
Number of updated asset objects reloaded before import = 0
Number of asset objects unloaded after import = 7
========================================================================
Received Import Request.
  Time since last request: 0.000100 seconds.
  path: Assets/PolygonPrototype/Models/SM_Buildings_WallCurved_1x1_01P.fbx
  artifactKey: Guid(a1cc6d3321edb2248bba26fdc6d1ff08) Importer(815301076,1909f56bfc062723c751e8b465ee728b)
Start importing Assets/PolygonPrototype/Models/SM_Buildings_WallCurved_1x1_01P.fbx using Guid(a1cc6d3321edb2248bba26fdc6d1ff08) Importer(815301076,1909f56bfc062723c751e8b465ee728b)  -> (artifact id: 'd9e2d2bd9976eb3fcef0c2959961245a') in 0.012788 seconds
Number of updated asset objects reloaded before import = 0
Number of asset objects unloaded after import = 7
========================================================================
Received Import Request.
  Time since last request: 0.000067 seconds.
  path: Assets/PolygonPrototype/Models/SM_Buildings_WallDoorDouble_3x3_01P.fbx
  artifactKey: Guid(563a57b762071ce43b923dbb6e5c3a40) Importer(815301076,1909f56bfc062723c751e8b465ee728b)
Start importing Assets/PolygonPrototype/Models/SM_Buildings_WallDoorDouble_3x3_01P.fbx using Guid(563a57b762071ce43b923dbb6e5c3a40) Importer(815301076,1909f56bfc062723c751e8b465ee728b)  -> (artifact id: '5562a049aca36a6bf8692a7b891e1eba') in 0.012287 seconds
Number of updated asset objects reloaded before import = 0
Number of asset objects unloaded after import = 7
========================================================================
Received Import Request.
  Time since last request: 0.000182 seconds.
  path: Assets/PolygonPrototype/Models/SM_Buildings_WallWindow_5x3_01P.fbx
  artifactKey: Guid(410857ee5753fe94799f4f88e2e1102a) Importer(815301076,1909f56bfc062723c751e8b465ee728b)
Start importing Assets/PolygonPrototype/Models/SM_Buildings_WallWindow_5x3_01P.fbx using Guid(410857ee5753fe94799f4f88e2e1102a) Importer(815301076,1909f56bfc062723c751e8b465ee728b)  -> (artifact id: '26d7af1e8479573d23ee0a7c8b88b63b') in 0.025190 seconds
Number of updated asset objects reloaded before import = 0
Number of asset objects unloaded after import = 7
========================================================================
Received Import Request.
  Time since last request: 0.000093 seconds.
  path: Assets/PolygonPrototype/Models/SM_Buildings_WallDoorDouble_5x3_01P.fbx
  artifactKey: Guid(45ce4593ac20f634b98e0baef2fa39f5) Importer(815301076,1909f56bfc062723c751e8b465ee728b)
Start importing Assets/PolygonPrototype/Models/SM_Buildings_WallDoorDouble_5x3_01P.fbx using Guid(45ce4593ac20f634b98e0baef2fa39f5) Importer(815301076,1909f56bfc062723c751e8b465ee728b)  -> (artifact id: 'c1741979a2ab0bce46121a58b2c4625d') in 0.021590 seconds
Number of updated asset objects reloaded before import = 0
Number of asset objects unloaded after import = 7
========================================================================
Received Import Request.
  Time since last request: 0.000880 seconds.
  path: Assets/PolygonPrototype/Models/SM_Buildings_WallDoor_2x3_01.fbx
  artifactKey: Guid(3316d1e99a707354a8f7b236cf8726a8) Importer(815301076,1909f56bfc062723c751e8b465ee728b)
Start importing Assets/PolygonPrototype/Models/SM_Buildings_WallDoor_2x3_01.fbx using Guid(3316d1e99a707354a8f7b236cf8726a8) Importer(815301076,1909f56bfc062723c751e8b465ee728b)  -> (artifact id: 'c7766b10cb1a0eacf5105dc54be40ce9') in 0.025906 seconds
Number of updated asset objects reloaded before import = 0
Number of asset objects unloaded after import = 7
========================================================================
Received Import Request.
  Time since last request: 0.000089 seconds.
  path: Assets/PolygonPrototype/Models/SM_Buildings_WallDoor_5x3_01P.fbx
  artifactKey: Guid(d02465c6b6027974ba95cfee1396578e) Importer(815301076,1909f56bfc062723c751e8b465ee728b)
Start importing Assets/PolygonPrototype/Models/SM_Buildings_WallDoor_5x3_01P.fbx using Guid(d02465c6b6027974ba95cfee1396578e) Importer(815301076,1909f56bfc062723c751e8b465ee728b)  -> (artifact id: 'af793954e6bdef272b68c8d3b43df158') in 0.013985 seconds
Number of updated asset objects reloaded before import = 0
Number of asset objects unloaded after import = 7
========================================================================
Received Import Request.
  Time since last request: 0.000125 seconds.
  path: Assets/PolygonPrototype/Models/SM_Buildings_WallArch_2x3_01P.fbx
  artifactKey: Guid(63a79dfcc562bbf40ac782cef8f448aa) Importer(815301076,1909f56bfc062723c751e8b465ee728b)
Start importing Assets/PolygonPrototype/Models/SM_Buildings_WallArch_2x3_01P.fbx using Guid(63a79dfcc562bbf40ac782cef8f448aa) Importer(815301076,1909f56bfc062723c751e8b465ee728b)  -> (artifact id: '23b96f2d20d6eaee47037e3cfe5b46c7') in 0.021582 seconds
Number of updated asset objects reloaded before import = 0
Number of asset objects unloaded after import = 7
========================================================================
Received Import Request.
  Time since last request: 0.000127 seconds.
  path: Assets/PolygonPrototype/Models/SM_Buildings_WallChamfered_5x5_01P.fbx
  artifactKey: Guid(09fc69f5358a8974180e97ce1c5c7511) Importer(815301076,1909f56bfc062723c751e8b465ee728b)
Start importing Assets/PolygonPrototype/Models/SM_Buildings_WallChamfered_5x5_01P.fbx using Guid(09fc69f5358a8974180e97ce1c5c7511) Importer(815301076,1909f56bfc062723c751e8b465ee728b)  -> (artifact id: '2ef64726cd6ae7e933b26436d9941c78') in 0.014323 seconds
Number of updated asset objects reloaded before import = 0
Number of asset objects unloaded after import = 7
========================================================================
Received Import Request.
  Time since last request: 0.000129 seconds.
  path: Assets/PolygonPrototype/Models/SM_Buildings_WallDoor_5x3_01.fbx
  artifactKey: Guid(1e093714a281058458fef71aad1c76c5) Importer(815301076,1909f56bfc062723c751e8b465ee728b)
Start importing Assets/PolygonPrototype/Models/SM_Buildings_WallDoor_5x3_01.fbx using Guid(1e093714a281058458fef71aad1c76c5) Importer(815301076,1909f56bfc062723c751e8b465ee728b)  -> (artifact id: '3397402458ed01df0339bd9d4ff9aaec') in 0.017076 seconds
Number of updated asset objects reloaded before import = 0
Number of asset objects unloaded after import = 7
========================================================================
Received Import Request.
  Time since last request: 0.000116 seconds.
  path: Assets/PolygonPrototype/Models/SM_Buildings_WallWindowDouble_5x3_01.fbx
  artifactKey: Guid(7059647bd115c0142a6d2561b771b697) Importer(815301076,1909f56bfc062723c751e8b465ee728b)
Start importing Assets/PolygonPrototype/Models/SM_Buildings_WallWindowDouble_5x3_01.fbx using Guid(7059647bd115c0142a6d2561b771b697) Importer(815301076,1909f56bfc062723c751e8b465ee728b)  -> (artifact id: 'ecf78b65a883646f06c54d0d0d41975d') in 0.012331 seconds
Number of updated asset objects reloaded before import = 0
Number of asset objects unloaded after import = 7
========================================================================
Received Import Request.
  Time since last request: 0.000074 seconds.
  path: Assets/PolygonPrototype/Models/SM_Generic_Cloud_02.fbx
  artifactKey: Guid(22be5651e9803104da808f052c142d2f) Importer(815301076,1909f56bfc062723c751e8b465ee728b)
Start importing Assets/PolygonPrototype/Models/SM_Generic_Cloud_02.fbx using Guid(22be5651e9803104da808f052c142d2f) Importer(815301076,1909f56bfc062723c751e8b465ee728b)  -> (artifact id: '2d0c78fc0924554565a1da5f6b0ab5a0') in 0.023760 seconds
Number of updated asset objects reloaded before import = 0
Number of asset objects unloaded after import = 7
========================================================================
Received Import Request.
  Time since last request: 0.000267 seconds.
  path: Assets/PolygonPrototype/Models/SM_FX_Glow_Ring_01.fbx
  artifactKey: Guid(d29428f9d0c477141a67eda96e5710ea) Importer(815301076,1909f56bfc062723c751e8b465ee728b)
Start importing Assets/PolygonPrototype/Models/SM_FX_Glow_Ring_01.fbx using Guid(d29428f9d0c477141a67eda96e5710ea) Importer(815301076,1909f56bfc062723c751e8b465ee728b)  -> (artifact id: 'a24fbe7930b02566454e5ddeb64830ac') in 0.029017 seconds
Number of updated asset objects reloaded before import = 0
Number of asset objects unloaded after import = 7
========================================================================
Received Import Request.
  Time since last request: 0.000089 seconds.
  path: Assets/PolygonPrototype/Models/SM_Generic_Mountains_Soft_01.fbx
  artifactKey: Guid(de83fe6560da16e42a98515b8c369345) Importer(815301076,1909f56bfc062723c751e8b465ee728b)
Start importing Assets/PolygonPrototype/Models/SM_Generic_Mountains_Soft_01.fbx using Guid(de83fe6560da16e42a98515b8c369345) Importer(815301076,1909f56bfc062723c751e8b465ee728b)  -> (artifact id: '3debdb36004314a06375912774c2dc7b') in 0.017501 seconds
Number of updated asset objects reloaded before import = 0
Number of asset objects unloaded after import = 7
========================================================================
Received Import Request.
  Time since last request: 0.000309 seconds.
  path: Assets/PolygonPrototype/Models/SM_Generic_Small_Rocks_02.fbx
  artifactKey: Guid(867db21fdfb094f488457f3554b01aa3) Importer(815301076,1909f56bfc062723c751e8b465ee728b)
Start importing Assets/PolygonPrototype/Models/SM_Generic_Small_Rocks_02.fbx using Guid(867db21fdfb094f488457f3554b01aa3) Importer(815301076,1909f56bfc062723c751e8b465ee728b)  -> (artifact id: 'a9c38719693de6e2ab127bf2fe03dfc0') in 0.030465 seconds
Number of updated asset objects reloaded before import = 0
Number of asset objects unloaded after import = 7
========================================================================
Received Import Request.
  Time since last request: 0.000085 seconds.
  path: Assets/PolygonPrototype/Models/SM_Buildings_WindowFrame_01.fbx
  artifactKey: Guid(205fde2edc600c744950faf319f99498) Importer(815301076,1909f56bfc062723c751e8b465ee728b)
Start importing Assets/PolygonPrototype/Models/SM_Buildings_WindowFrame_01.fbx using Guid(205fde2edc600c744950faf319f99498) Importer(815301076,1909f56bfc062723c751e8b465ee728b)  -> (artifact id: 'faa98607524a54a6bf1363a8a9af8b50') in 0.024056 seconds
Number of updated asset objects reloaded before import = 0
Number of asset objects unloaded after import = 7
========================================================================
Received Import Request.
  Time since last request: 0.000117 seconds.
  path: Assets/PolygonPrototype/Models/SM_Chr_Attach_Female_Hair_01.fbx
  artifactKey: Guid(f6e973e5fcce35e438035a56ca9de88a) Importer(815301076,1909f56bfc062723c751e8b465ee728b)
Start importing Assets/PolygonPrototype/Models/SM_Chr_Attach_Female_Hair_01.fbx using Guid(f6e973e5fcce35e438035a56ca9de88a) Importer(815301076,1909f56bfc062723c751e8b465ee728b)  -> (artifact id: '9894ab55a2df3c74daf03404eaa3a5bd') in 0.029626 seconds
Number of updated asset objects reloaded before import = 0
Number of asset objects unloaded after import = 7
========================================================================
Received Import Request.
  Time since last request: 0.000121 seconds.
  path: Assets/PolygonPrototype/Models/SM_Generic_Small_Rocks_01.fbx
  artifactKey: Guid(f3726f6b6ec068d4a958b2e3a8c964f1) Importer(815301076,1909f56bfc062723c751e8b465ee728b)
Start importing Assets/PolygonPrototype/Models/SM_Generic_Small_Rocks_01.fbx using Guid(f3726f6b6ec068d4a958b2e3a8c964f1) Importer(815301076,1909f56bfc062723c751e8b465ee728b)  -> (artifact id: '8ffde9f8e3a2516cd765551a730ced35') in 0.025330 seconds
Number of updated asset objects reloaded before import = 0
Number of asset objects unloaded after import = 7
========================================================================
Received Import Request.
  Time since last request: 0.000073 seconds.
  path: Assets/PolygonPrototype/Models/SM_FX_Glow_Ring_02.fbx
  artifactKey: Guid(d6cf0e6308e0a4c44b67833737a10902) Importer(815301076,1909f56bfc062723c751e8b465ee728b)
Start importing Assets/PolygonPrototype/Models/SM_FX_Glow_Ring_02.fbx using Guid(d6cf0e6308e0a4c44b67833737a10902) Importer(815301076,1909f56bfc062723c751e8b465ee728b)  -> (artifact id: '0616305cb848b8684b0e8211c0e308f9') in 0.014257 seconds
Number of updated asset objects reloaded before import = 0
Number of asset objects unloaded after import = 7
========================================================================
Received Import Request.
  Time since last request: 0.000161 seconds.
  path: Assets/PolygonPrototype/Models/SM_Generic_Water_Plane_01.fbx
  artifactKey: Guid(4d5bf05349fa8854198809b7abf9a9bb) Importer(815301076,1909f56bfc062723c751e8b465ee728b)
Start importing Assets/PolygonPrototype/Models/SM_Generic_Water_Plane_01.fbx using Guid(4d5bf05349fa8854198809b7abf9a9bb) Importer(815301076,1909f56bfc062723c751e8b465ee728b)  -> (artifact id: 'af9539f6c9411de274b4661ca555f52a') in 0.012324 seconds
Number of updated asset objects reloaded before import = 0
Number of asset objects unloaded after import = 7
========================================================================
Received Import Request.
  Time since last request: 0.000076 seconds.
  path: Assets/PolygonPrototype/Models/SM_Icon_Apple_01.fbx
  artifactKey: Guid(fe512fe22ccb6d0419f94a02c4521547) Importer(815301076,1909f56bfc062723c751e8b465ee728b)
Start importing Assets/PolygonPrototype/Models/SM_Icon_Apple_01.fbx using Guid(fe512fe22ccb6d0419f94a02c4521547) Importer(815301076,1909f56bfc062723c751e8b465ee728b)  -> (artifact id: 'ee8dedc926c8a49ccd1f07cf1c045b94') in 0.025082 seconds
Number of updated asset objects reloaded before import = 0
Number of asset objects unloaded after import = 7
========================================================================
Received Import Request.
  Time since last request: 0.000074 seconds.
  path: Assets/PolygonPrototype/Models/SM_Icon_Ammo_03.fbx
  artifactKey: Guid(70fff6b6a7ad4eb4297625291a9cc997) Importer(815301076,1909f56bfc062723c751e8b465ee728b)
Start importing Assets/PolygonPrototype/Models/SM_Icon_Ammo_03.fbx using Guid(70fff6b6a7ad4eb4297625291a9cc997) Importer(815301076,1909f56bfc062723c751e8b465ee728b)  -> (artifact id: '9e3189603c606b36e18fcdb6dd43f4dc') in 0.021714 seconds
Number of updated asset objects reloaded before import = 0
Number of asset objects unloaded after import = 7
========================================================================
Received Import Request.
  Time since last request: 0.000101 seconds.
  path: Assets/PolygonPrototype/Models/SM_Icon_Arrow_Long_Curve_01.fbx
  artifactKey: Guid(cb1e5143eebad2642b5758464d19bf4f) Importer(815301076,1909f56bfc062723c751e8b465ee728b)
Start importing Assets/PolygonPrototype/Models/SM_Icon_Arrow_Long_Curve_01.fbx using Guid(cb1e5143eebad2642b5758464d19bf4f) Importer(815301076,1909f56bfc062723c751e8b465ee728b)  -> (artifact id: '383f834c7730270796ce241b3eacdaeb') in 0.026116 seconds
Number of updated asset objects reloaded before import = 0
Number of asset objects unloaded after import = 7
========================================================================
Received Import Request.
  Time since last request: 0.000166 seconds.
  path: Assets/PolygonPrototype/Models/SM_Icon_Ammo_01.fbx
  artifactKey: Guid(090696055a784af4d9aa142969be078f) Importer(815301076,1909f56bfc062723c751e8b465ee728b)
Start importing Assets/PolygonPrototype/Models/SM_Icon_Ammo_01.fbx using Guid(090696055a784af4d9aa142969be078f) Importer(815301076,1909f56bfc062723c751e8b465ee728b)  -> (artifact id: 'bd7d40ce1381068b6891585ec6b9b5ff') in 0.026842 seconds
Number of updated asset objects reloaded before import = 0
Number of asset objects unloaded after import = 7
========================================================================
Received Import Request.
  Time since last request: 0.000077 seconds.
  path: Assets/PolygonPrototype/Models/SM_Generic_Cloud_01.fbx
  artifactKey: Guid(de378bc91828d274ab164190ea4eba64) Importer(815301076,1909f56bfc062723c751e8b465ee728b)
Start importing Assets/PolygonPrototype/Models/SM_Generic_Cloud_01.fbx using Guid(de378bc91828d274ab164190ea4eba64) Importer(815301076,1909f56bfc062723c751e8b465ee728b)  -> (artifact id: '8f7eca88043f826ddff5f39f4f775e51') in 0.018706 seconds
Number of updated asset objects reloaded before import = 0
Number of asset objects unloaded after import = 7
========================================================================
Received Import Request.
  Time since last request: 0.000065 seconds.
  path: Assets/PolygonPrototype/Models/SM_Icon_Arrow_Long_Curve_03.fbx
  artifactKey: Guid(45cae7d1798ee244ebd14eee9b1a95b9) Importer(815301076,1909f56bfc062723c751e8b465ee728b)
Start importing Assets/PolygonPrototype/Models/SM_Icon_Arrow_Long_Curve_03.fbx using Guid(45cae7d1798ee244ebd14eee9b1a95b9) Importer(815301076,1909f56bfc062723c751e8b465ee728b)  -> (artifact id: '2ae2b05026632e8b7ba09be4bed4c3b1') in 0.012473 seconds
Number of updated asset objects reloaded before import = 0
Number of asset objects unloaded after import = 7
========================================================================
Received Import Request.
  Time since last request: 0.000252 seconds.
  path: Assets/PolygonPrototype/Models/SM_Icon_Arrow_Small_05.fbx
  artifactKey: Guid(e6281cb45791c0f449ba8568954738d5) Importer(815301076,1909f56bfc062723c751e8b465ee728b)
Start importing Assets/PolygonPrototype/Models/SM_Icon_Arrow_Small_05.fbx using Guid(e6281cb45791c0f449ba8568954738d5) Importer(815301076,1909f56bfc062723c751e8b465ee728b)  -> (artifact id: 'da3112ba1ddb5b6cb33554fe20cb37fe') in 0.012567 seconds
Number of updated asset objects reloaded before import = 0
Number of asset objects unloaded after import = 7
========================================================================
Received Import Request.
  Time since last request: 0.000102 seconds.
  path: Assets/PolygonPrototype/Models/SM_Icon_Arrow_Small_01.fbx
  artifactKey: Guid(506749b8b4289ca4d99b1458973d1ab0) Importer(815301076,1909f56bfc062723c751e8b465ee728b)
Start importing Assets/PolygonPrototype/Models/SM_Icon_Arrow_Small_01.fbx using Guid(506749b8b4289ca4d99b1458973d1ab0) Importer(815301076,1909f56bfc062723c751e8b465ee728b)  -> (artifact id: 'a7ffe3c678ba324e53ba5b981f91605f') in 0.029760 seconds
Number of updated asset objects reloaded before import = 0
Number of asset objects unloaded after import = 7
========================================================================
Received Import Request.
  Time since last request: 0.000118 seconds.
  path: Assets/PolygonPrototype/Models/SM_Icon_Arrow_Small_UpDown_01.fbx
  artifactKey: Guid(7b86593d0e90c214fa955fb8f9f50e42) Importer(815301076,1909f56bfc062723c751e8b465ee728b)
Start importing Assets/PolygonPrototype/Models/SM_Icon_Arrow_Small_UpDown_01.fbx using Guid(7b86593d0e90c214fa955fb8f9f50e42) Importer(815301076,1909f56bfc062723c751e8b465ee728b)  -> (artifact id: '9b5717bbc4248137bef24e7a525ed8c9') in 0.016358 seconds
Number of updated asset objects reloaded before import = 0
Number of asset objects unloaded after import = 7
========================================================================
Received Import Request.
  Time since last request: 0.000090 seconds.
  path: Assets/PolygonPrototype/Models/SM_Icon_Arrow_Long_Curve_02.fbx
  artifactKey: Guid(1dbd03cbe51486b4c9a9fe731a3bafd6) Importer(815301076,1909f56bfc062723c751e8b465ee728b)
Start importing Assets/PolygonPrototype/Models/SM_Icon_Arrow_Long_Curve_02.fbx using Guid(1dbd03cbe51486b4c9a9fe731a3bafd6) Importer(815301076,1909f56bfc062723c751e8b465ee728b)  -> (artifact id: '5c33ab944cf322f0aaa0d5848780e8ee') in 0.022648 seconds
Number of updated asset objects reloaded before import = 0
Number of asset objects unloaded after import = 7
========================================================================
Received Import Request.
  Time since last request: 0.000102 seconds.
  path: Assets/PolygonPrototype/Models/SM_Icon_Balloon_01.fbx
  artifactKey: Guid(2b1600b8b48e3ac4c87e5d81a4153ab7) Importer(815301076,1909f56bfc062723c751e8b465ee728b)
Start importing Assets/PolygonPrototype/Models/SM_Icon_Balloon_01.fbx using Guid(2b1600b8b48e3ac4c87e5d81a4153ab7) Importer(815301076,1909f56bfc062723c751e8b465ee728b)  -> (artifact id: '7d2ba528677ea0a3e9b3cd59a32b6904') in 0.023151 seconds
Number of updated asset objects reloaded before import = 0
Number of asset objects unloaded after import = 7
========================================================================
Received Import Request.
  Time since last request: 0.000120 seconds.
  path: Assets/PolygonPrototype/Models/SM_Icon_Boat_01.fbx
  artifactKey: Guid(c6b13326a4389084a998dfbea38c372a) Importer(815301076,1909f56bfc062723c751e8b465ee728b)
Start importing Assets/PolygonPrototype/Models/SM_Icon_Boat_01.fbx using Guid(c6b13326a4389084a998dfbea38c372a) Importer(815301076,1909f56bfc062723c751e8b465ee728b)  -> (artifact id: '2e83fad0fd3c89bd1d25c4b65470849c') in 0.021701 seconds
Number of updated asset objects reloaded before import = 0
Number of asset objects unloaded after import = 7
========================================================================
Received Import Request.
  Time since last request: 0.000130 seconds.
  path: Assets/PolygonPrototype/Models/SM_Icon_Coin_03.fbx
  artifactKey: Guid(af2731104de304b4598a99e9f79e44f1) Importer(815301076,1909f56bfc062723c751e8b465ee728b)
Start importing Assets/PolygonPrototype/Models/SM_Icon_Coin_03.fbx using Guid(af2731104de304b4598a99e9f79e44f1) Importer(815301076,1909f56bfc062723c751e8b465ee728b)  -> (artifact id: '6a05308cba539f53b0d63aa1f9f520f4') in 0.025385 seconds
Number of updated asset objects reloaded before import = 0
Number of asset objects unloaded after import = 7
========================================================================
Received Import Request.
  Time since last request: 0.000365 seconds.
  path: Assets/PolygonPrototype/Models/SM_Icon_Candy_01.fbx
  artifactKey: Guid(b2773e189f71686448858b1ac36b4b55) Importer(815301076,1909f56bfc062723c751e8b465ee728b)
Start importing Assets/PolygonPrototype/Models/SM_Icon_Candy_01.fbx using Guid(b2773e189f71686448858b1ac36b4b55) Importer(815301076,1909f56bfc062723c751e8b465ee728b)  -> (artifact id: '40e6e002ef6e996e3c82b141c7a1b3c6') in 0.022545 seconds
Number of updated asset objects reloaded before import = 0
Number of asset objects unloaded after import = 7
========================================================================
Received Import Request.
  Time since last request: 0.000186 seconds.
  path: Assets/PolygonPrototype/Models/SM_Icon_Clapper_01.fbx
  artifactKey: Guid(1a778c82e325d394c93b3e0088275c83) Importer(815301076,1909f56bfc062723c751e8b465ee728b)
Start importing Assets/PolygonPrototype/Models/SM_Icon_Clapper_01.fbx using Guid(1a778c82e325d394c93b3e0088275c83) Importer(815301076,1909f56bfc062723c751e8b465ee728b)  -> (artifact id: 'cf0f2de0386ef5b93ca084e748a4047a') in 0.015960 seconds
Number of updated asset objects reloaded before import = 0
Number of asset objects unloaded after import = 7
========================================================================
Received Import Request.
  Time since last request: 0.000089 seconds.
  path: Assets/PolygonPrototype/Models/SM_Icon_Coin_02.fbx
  artifactKey: Guid(44042356cd03d904fa501e1014eef3c8) Importer(815301076,1909f56bfc062723c751e8b465ee728b)
Start importing Assets/PolygonPrototype/Models/SM_Icon_Coin_02.fbx using Guid(44042356cd03d904fa501e1014eef3c8) Importer(815301076,1909f56bfc062723c751e8b465ee728b)  -> (artifact id: 'ccc5145eaa8589ed99464b7a5b7a3e08') in 0.023813 seconds
Number of updated asset objects reloaded before import = 0
Number of asset objects unloaded after import = 7
========================================================================
Received Import Request.
  Time since last request: 0.000066 seconds.
  path: Assets/PolygonPrototype/Models/SM_Icon_Banana_01.fbx
  artifactKey: Guid(aeaf1ff159c27da4b8f1f44b22726686) Importer(815301076,1909f56bfc062723c751e8b465ee728b)
Start importing Assets/PolygonPrototype/Models/SM_Icon_Banana_01.fbx using Guid(aeaf1ff159c27da4b8f1f44b22726686) Importer(815301076,1909f56bfc062723c751e8b465ee728b)  -> (artifact id: '584f40779643237def53f675f49069e2') in 0.020860 seconds
Number of updated asset objects reloaded before import = 0
Number of asset objects unloaded after import = 7
========================================================================
Received Import Request.
  Time since last request: 0.000175 seconds.
  path: Assets/PolygonPrototype/Models/SM_Gerneric_Grass_Patch_01.fbx
  artifactKey: Guid(a89a5ed8aae2faa408659f52eaaa3dcc) Importer(815301076,1909f56bfc062723c751e8b465ee728b)
Start importing Assets/PolygonPrototype/Models/SM_Gerneric_Grass_Patch_01.fbx using Guid(a89a5ed8aae2faa408659f52eaaa3dcc) Importer(815301076,1909f56bfc062723c751e8b465ee728b)  -> (artifact id: '36152e52b6d062f011237580c1da8cfa') in 0.019128 seconds
Number of updated asset objects reloaded before import = 0
Number of asset objects unloaded after import = 7
========================================================================
Received Import Request.
  Time since last request: 0.000135 seconds.
  path: Assets/PolygonPrototype/Models/SM_Icon_Arrow_Small_02.fbx
  artifactKey: Guid(ddd40872355b5494ba64bb792a26bc17) Importer(815301076,1909f56bfc062723c751e8b465ee728b)
Start importing Assets/PolygonPrototype/Models/SM_Icon_Arrow_Small_02.fbx using Guid(ddd40872355b5494ba64bb792a26bc17) Importer(815301076,1909f56bfc062723c751e8b465ee728b)  -> (artifact id: '48804134447a061c084da4ac7254755f') in 0.027061 seconds
Number of updated asset objects reloaded before import = 0
Number of asset objects unloaded after import = 7
========================================================================
Received Import Request.
  Time since last request: 0.000146 seconds.
  path: Assets/PolygonPrototype/Models/SM_Buildings_WallWindow_2x3_01P.fbx
  artifactKey: Guid(b65c3f0a0873e8a4b8d22233d8e4cf23) Importer(815301076,1909f56bfc062723c751e8b465ee728b)
Start importing Assets/PolygonPrototype/Models/SM_Buildings_WallWindow_2x3_01P.fbx using Guid(b65c3f0a0873e8a4b8d22233d8e4cf23) Importer(815301076,1909f56bfc062723c751e8b465ee728b)  -> (artifact id: '59c3d8ef6d7b00d809b7721e71525caf') in 0.023864 seconds
Number of updated asset objects reloaded before import = 0
Number of asset objects unloaded after import = 7
========================================================================
Received Import Request.
  Time since last request: 0.000142 seconds.
  path: Assets/PolygonPrototype/Models/SM_Buildings_WallCurved_2x2_01P.fbx
  artifactKey: Guid(4a75374ad8cec924499a14623bde0519) Importer(815301076,1909f56bfc062723c751e8b465ee728b)
Start importing Assets/PolygonPrototype/Models/SM_Buildings_WallCurved_2x2_01P.fbx using Guid(4a75374ad8cec924499a14623bde0519) Importer(815301076,1909f56bfc062723c751e8b465ee728b)  -> (artifact id: '9be773c7a03450d8c825bd157e4039f0') in 0.025964 seconds
Number of updated asset objects reloaded before import = 0
Number of asset objects unloaded after import = 7
========================================================================
Received Import Request.
  Time since last request: 0.000129 seconds.
  path: Assets/PolygonPrototype/Models/SM_Buildings_WallChamfered_5x5_01.fbx
  artifactKey: Guid(586b6902de4ce034dbeea84f24685b08) Importer(815301076,1909f56bfc062723c751e8b465ee728b)
Start importing Assets/PolygonPrototype/Models/SM_Buildings_WallChamfered_5x5_01.fbx using Guid(586b6902de4ce034dbeea84f24685b08) Importer(815301076,1909f56bfc062723c751e8b465ee728b)  -> (artifact id: '1d679071614607f99cbacf0cc76a94f5') in 0.013256 seconds
Number of updated asset objects reloaded before import = 0
Number of asset objects unloaded after import = 7
========================================================================
Received Import Request.
  Time since last request: 0.000065 seconds.
  path: Assets/PolygonPrototype/Models/SM_Icon_Controller_01.fbx
  artifactKey: Guid(507610af3efd1fe4eb4cc726a82eac7e) Importer(815301076,1909f56bfc062723c751e8b465ee728b)
Start importing Assets/PolygonPrototype/Models/SM_Icon_Controller_01.fbx using Guid(507610af3efd1fe4eb4cc726a82eac7e) Importer(815301076,1909f56bfc062723c751e8b465ee728b)  -> (artifact id: 'a98697511c8d876b1397fdacdccb76fe') in 0.013145 seconds
Number of updated asset objects reloaded before import = 0
Number of asset objects unloaded after import = 7
========================================================================
Received Import Request.
  Time since last request: 0.000155 seconds.
  path: Assets/PolygonPrototype/Models/SM_Icon_Health_01.fbx
  artifactKey: Guid(13454f9011858064daef4127a53be4ef) Importer(815301076,1909f56bfc062723c751e8b465ee728b)
Start importing Assets/PolygonPrototype/Models/SM_Icon_Health_01.fbx using Guid(13454f9011858064daef4127a53be4ef) Importer(815301076,1909f56bfc062723c751e8b465ee728b)  -> (artifact id: '536725dd2e845857e4b297eff8e84d34') in 0.014897 seconds
Number of updated asset objects reloaded before import = 0
Number of asset objects unloaded after import = 7
========================================================================
Received Import Request.
  Time since last request: 0.000103 seconds.
  path: Assets/PolygonPrototype/Models/SM_Icon_Folder_01.fbx
  artifactKey: Guid(5cdce99f2891e474bb89dc1c61d3ddaa) Importer(815301076,1909f56bfc062723c751e8b465ee728b)
Start importing Assets/PolygonPrototype/Models/SM_Icon_Folder_01.fbx using Guid(5cdce99f2891e474bb89dc1c61d3ddaa) Importer(815301076,1909f56bfc062723c751e8b465ee728b)  -> (artifact id: '3396e5e0dad67b80c97b786e167ddd5a') in 0.021104 seconds
Number of updated asset objects reloaded before import = 0
Number of asset objects unloaded after import = 7
========================================================================
Received Import Request.
  Time since last request: 0.001196 seconds.
  path: Assets/PolygonPrototype/Models/SM_Icon_Cross_01.fbx
  artifactKey: Guid(34882a79cb995e345a59913833d1f118) Importer(815301076,1909f56bfc062723c751e8b465ee728b)
Start importing Assets/PolygonPrototype/Models/SM_Icon_Cross_01.fbx using Guid(34882a79cb995e345a59913833d1f118) Importer(815301076,1909f56bfc062723c751e8b465ee728b)  -> (artifact id: '5cd08cd9feda1ba17f0041e15b3dafaf') in 0.027966 seconds
Number of updated asset objects reloaded before import = 0
Number of asset objects unloaded after import = 7
========================================================================
Received Import Request.
  Time since last request: 0.000125 seconds.
  path: Assets/PolygonPrototype/Models/SM_Icon_Cup_01.fbx
  artifactKey: Guid(8e22fa0bdd970f749a4a10ef46c3d742) Importer(815301076,1909f56bfc062723c751e8b465ee728b)
Start importing Assets/PolygonPrototype/Models/SM_Icon_Cup_01.fbx using Guid(8e22fa0bdd970f749a4a10ef46c3d742) Importer(815301076,1909f56bfc062723c751e8b465ee728b)  -> (artifact id: 'c7fdf81e47841f62d62a13749295c56c') in 0.024153 seconds
Number of updated asset objects reloaded before import = 0
Number of asset objects unloaded after import = 7
========================================================================
Received Import Request.
  Time since last request: 0.000206 seconds.
  path: Assets/PolygonPrototype/Models/SM_Icon_Guage_Bar_01.fbx
  artifactKey: Guid(c8e81f457c7716545864ce0624fa9016) Importer(815301076,1909f56bfc062723c751e8b465ee728b)
Start importing Assets/PolygonPrototype/Models/SM_Icon_Guage_Bar_01.fbx using Guid(c8e81f457c7716545864ce0624fa9016) Importer(815301076,1909f56bfc062723c751e8b465ee728b)  -> (artifact id: '8efad13e18c1e636062c66ee32e07388') in 0.041417 seconds
Number of updated asset objects reloaded before import = 0
Number of asset objects unloaded after import = 12
========================================================================
Received Import Request.
  Time since last request: 0.000271 seconds.
  path: Assets/PolygonPrototype/Models/SM_Buildings_WallChamfered_1x1_01P.fbx
  artifactKey: Guid(9ac9a80a618e39646a94f2d68b2c75a3) Importer(815301076,1909f56bfc062723c751e8b465ee728b)
Start importing Assets/PolygonPrototype/Models/SM_Buildings_WallChamfered_1x1_01P.fbx using Guid(9ac9a80a618e39646a94f2d68b2c75a3) Importer(815301076,1909f56bfc062723c751e8b465ee728b)  -> (artifact id: 'df8194e012df8b23eee3e313e4737314') in 0.021597 seconds
Number of updated asset objects reloaded before import = 0
Number of asset objects unloaded after import = 7
========================================================================
Received Import Request.
  Time since last request: 0.000075 seconds.
  path: Assets/PolygonPrototype/Models/SM_Icon_Arrow_Small_06.fbx
  artifactKey: Guid(5a804e602bf543845a5afe880fa51137) Importer(815301076,1909f56bfc062723c751e8b465ee728b)
Start importing Assets/PolygonPrototype/Models/SM_Icon_Arrow_Small_06.fbx using Guid(5a804e602bf543845a5afe880fa51137) Importer(815301076,1909f56bfc062723c751e8b465ee728b)  -> (artifact id: '26c0d91a23029420591620ba15169919') in 0.025362 seconds
Number of updated asset objects reloaded before import = 0
Number of asset objects unloaded after import = 7
========================================================================
Received Import Request.
  Time since last request: 0.000175 seconds.
  path: Assets/PolygonPrototype/Models/SM_Buildings_RoofAngledCornerInner_5x5_01P.fbx
  artifactKey: Guid(0ff4d1e1f8aedbc41a4d8a2cba794f54) Importer(815301076,1909f56bfc062723c751e8b465ee728b)
Start importing Assets/PolygonPrototype/Models/SM_Buildings_RoofAngledCornerInner_5x5_01P.fbx using Guid(0ff4d1e1f8aedbc41a4d8a2cba794f54) Importer(815301076,1909f56bfc062723c751e8b465ee728b)  -> (artifact id: '220c8343cda92d6c3062efcfa7db3a1d') in 0.027810 seconds
Number of updated asset objects reloaded before import = 0
Number of asset objects unloaded after import = 7
========================================================================
Received Import Request.
  Time since last request: 0.000318 seconds.
  path: Assets/PolygonPrototype/Models/SM_Buildings_Wall_2x3_01P.fbx
  artifactKey: Guid(526b2a739acc0c44db8d3bd30a299eff) Importer(815301076,1909f56bfc062723c751e8b465ee728b)
Start importing Assets/PolygonPrototype/Models/SM_Buildings_Wall_2x3_01P.fbx using Guid(526b2a739acc0c44db8d3bd30a299eff) Importer(815301076,1909f56bfc062723c751e8b465ee728b)  -> (artifact id: '9209ca5cb0d81848a178e324b3d4eef4') in 0.020829 seconds
Number of updated asset objects reloaded before import = 0
Number of asset objects unloaded after import = 7
========================================================================
Received Import Request.
  Time since last request: 0.000423 seconds.
  path: Assets/PolygonPrototype/Models/SM_Icon_Banana_02.fbx
  artifactKey: Guid(796f38e395d865d4d91774af07561c7a) Importer(815301076,1909f56bfc062723c751e8b465ee728b)
Start importing Assets/PolygonPrototype/Models/SM_Icon_Banana_02.fbx using Guid(796f38e395d865d4d91774af07561c7a) Importer(815301076,1909f56bfc062723c751e8b465ee728b)  -> (artifact id: 'fcbd99135b514a63ea4929817d8af561') in 0.024953 seconds
Number of updated asset objects reloaded before import = 0
Number of asset objects unloaded after import = 7
========================================================================
Received Import Request.
  Time since last request: 0.000098 seconds.
  path: Assets/PolygonPrototype/Models/SM_Buildings_Ramp_20_1x1_01P.fbx
  artifactKey: Guid(5e747a14339ff7942bcae556683efe19) Importer(815301076,1909f56bfc062723c751e8b465ee728b)
Start importing Assets/PolygonPrototype/Models/SM_Buildings_Ramp_20_1x1_01P.fbx using Guid(5e747a14339ff7942bcae556683efe19) Importer(815301076,1909f56bfc062723c751e8b465ee728b)  -> (artifact id: 'd95d52947e36a1777ce0a20d14b56931') in 0.017343 seconds
Number of updated asset objects reloaded before import = 0
Number of asset objects unloaded after import = 7
========================================================================
Received Import Request.
  Time since last request: 0.000117 seconds.
  path: Assets/PolygonPrototype/Models/SM_Icon_Gun_01.fbx
  artifactKey: Guid(97631170b86e7be47b9c866dbbe6cbda) Importer(815301076,1909f56bfc062723c751e8b465ee728b)
Start importing Assets/PolygonPrototype/Models/SM_Icon_Gun_01.fbx using Guid(97631170b86e7be47b9c866dbbe6cbda) Importer(815301076,1909f56bfc062723c751e8b465ee728b)  -> (artifact id: '148c6172875a0249c7c7e243204ee561') in 0.024569 seconds
Number of updated asset objects reloaded before import = 0
Number of asset objects unloaded after import = 7
========================================================================
Received Prepare
Begin MonoManager ReloadAssembly
Symbol file LoadedFromMemory doesn't match image /Users/jasonlin778/Desktop/20250829MahjongGame/Library/PackageCache/com.unity.visualscripting@1.8.0/Editor/VisualScripting.Core/Dependencies/YamlDotNet/Unity.VisualScripting.YamlDotNet.dll
Symbol file LoadedFromMemory doesn't match image /Users/jasonlin778/Desktop/20250829MahjongGame/Library/PackageCache/com.unity.visualscripting@1.8.0/Editor/VisualScripting.Core/Dependencies/DotNetZip/Unity.VisualScripting.IonicZip.dll
- Loaded All Assemblies, in  1.307 seconds
Refreshing native plugins compatible for Editor in 1.58 ms, found 2 plugins.
Native extension for WindowsStandalone target not found
Native extension for Android target not found
Native extension for OSXStandalone target not found
Native extension for WebGL target not found
Mono: successfully reloaded assembly
- Finished resetting the current domain, in  1.941 seconds
Domain Reload Profiling: 3249ms
	BeginReloadAssembly (328ms)
		ExecutionOrderSort (0ms)
		DisableScriptedObjects (12ms)
		BackupInstance (0ms)
		ReleaseScriptingObjects (0ms)
		CreateAndSetChildDomain (157ms)
	RebuildCommonClasses (52ms)
	RebuildNativeTypeToScriptingClass (15ms)
	initialDomainReloadingComplete (51ms)
	LoadAllAssembliesAndSetupDomain (860ms)
		LoadAssemblies (430ms)
		RebuildTransferFunctionScriptingTraits (0ms)
		AnalyzeDomain (532ms)
			TypeCache.Refresh (524ms)
				TypeCache.ScanAssembly (475ms)
			ScanForSourceGeneratedMonoScriptInfo (0ms)
			ResolveRequiredComponents (8ms)
	FinalizeReload (1942ms)
		ReleaseScriptCaches (0ms)
		RebuildScriptCaches (0ms)
		SetupLoadedEditorAssemblies (598ms)
			LogAssemblyErrors (0ms)
			InitializePlatformSupportModulesInManaged (42ms)
			SetLoadedEditorAssemblies (5ms)
			RefreshPlugins (0ms)
			BeforeProcessingInitializeOnLoad (82ms)
			ProcessInitializeOnLoadAttributes (435ms)
			ProcessInitializeOnLoadMethodAttributes (32ms)
			AfterProcessingInitializeOnLoad (2ms)
			EditorAssembliesLoaded (0ms)
		ExecutionOrderSort2 (0ms)
		AwakeInstancesAfterBackupRestoration (7ms)
Refreshing native plugins compatible for Editor in 2.52 ms, found 2 plugins.
Preloading 0 native plugins for Editor in 0.00 ms.
Unloading 3227 Unused Serialized files (Serialized files now loaded: 0)
Unloading 32 unused Assets / (0.6 MB). Loaded Objects now: 3804.
Memory consumption went from 204.2 MB to 203.6 MB.
Total: 9.491626 ms (FindLiveObjects: 0.906911 ms CreateObjectMapping: 0.587962 ms MarkObjects: 7.410579 ms  DeleteObjects: 0.584906 ms)

Prepare: number of updated asset objects reloaded= 0
AssetImportParameters requested are different than current active one (requested -> active):
  custom:container-demuxer-ogg: 62fdf1f143b41e24485cea50d1cbac27 -> 
  custom:video-decoder-ogg-theora: a1e56fd34408186e4bbccfd4996cb3dc -> 
  custom:container-demuxer-webm: 4f35f7cbe854078d1ac9338744f61a02 -> 
  custom:container-muxer-webm: aa71ff27fc2769a1b78a27578f13a17b -> 
  custom:video-decoder-webm-vp8: 9c59270c3fd7afecdb556c50c9e8de78 -> 
  custom:AudioImporter_EditorPlatform: 3918e3fc78b5a79bad01e8451be0beb8 -> 
  custom:framework-osx-AVFoundation: e770b220cccbd017edd2c1fefb359320 -> 
  custom:video-encoder-webm-vp8: eb34c28f22e8b96e1ab97ce403110664 -> 
  custom:audio-decoder-ogg-vorbis: bf7c407c2cedff20999df2af8eb42d56 -> 
  custom:audio-encoder-webm-vorbis: bf7c407c2cedff20999df2af8eb42d56 -> 
========================================================================
Received Prepare
Begin MonoManager ReloadAssembly
Symbol file LoadedFromMemory doesn't match image /Users/jasonlin778/Desktop/20250829MahjongGame/Library/PackageCache/com.unity.visualscripting@1.8.0/Editor/VisualScripting.Core/Dependencies/YamlDotNet/Unity.VisualScripting.YamlDotNet.dll
Symbol file LoadedFromMemory doesn't match image /Users/jasonlin778/Desktop/20250829MahjongGame/Library/PackageCache/com.unity.visualscripting@1.8.0/Editor/VisualScripting.Core/Dependencies/DotNetZip/Unity.VisualScripting.IonicZip.dll
- Loaded All Assemblies, in  0.962 seconds
Refreshing native plugins compatible for Editor in 1.33 ms, found 2 plugins.
Native extension for WindowsStandalone target not found
Native extension for Android target not found
Native extension for OSXStandalone target not found
Native extension for WebGL target not found
Mono: successfully reloaded assembly
- Finished resetting the current domain, in  0.998 seconds
Domain Reload Profiling: 1960ms
	BeginReloadAssembly (203ms)
		ExecutionOrderSort (0ms)
		DisableScriptedObjects (8ms)
		BackupInstance (0ms)
		ReleaseScriptingObjects (0ms)
		CreateAndSetChildDomain (74ms)
	RebuildCommonClasses (53ms)
	RebuildNativeTypeToScriptingClass (17ms)
	initialDomainReloadingComplete (32ms)
	LoadAllAssembliesAndSetupDomain (657ms)
		LoadAssemblies (312ms)
		RebuildTransferFunctionScriptingTraits (0ms)
		AnalyzeDomain (425ms)
			TypeCache.Refresh (418ms)
				TypeCache.ScanAssembly (408ms)
			ScanForSourceGeneratedMonoScriptInfo (0ms)
			ResolveRequiredComponents (7ms)
	FinalizeReload (999ms)
		ReleaseScriptCaches (0ms)
		RebuildScriptCaches (0ms)
		SetupLoadedEditorAssemblies (576ms)
			LogAssemblyErrors (0ms)
			InitializePlatformSupportModulesInManaged (34ms)
			SetLoadedEditorAssemblies (5ms)
			RefreshPlugins (0ms)
			BeforeProcessingInitializeOnLoad (68ms)
			ProcessInitializeOnLoadAttributes (433ms)
			ProcessInitializeOnLoadMethodAttributes (33ms)
			AfterProcessingInitializeOnLoad (1ms)
			EditorAssembliesLoaded (0ms)
		ExecutionOrderSort2 (0ms)
		AwakeInstancesAfterBackupRestoration (7ms)
Refreshing native plugins compatible for Editor in 1.54 ms, found 2 plugins.
Preloading 0 native plugins for Editor in 0.00 ms.
Unloading 3227 Unused Serialized files (Serialized files now loaded: 0)
Unloading 32 unused Assets / (0.6 MB). Loaded Objects now: 3807.
Memory consumption went from 208.2 MB to 207.6 MB.
Total: 7.885312 ms (FindLiveObjects: 0.544972 ms CreateObjectMapping: 0.336536 ms MarkObjects: 6.395207 ms  DeleteObjects: 0.606681 ms)

Prepare: number of updated asset objects reloaded= 0
AssetImportParameters requested are different than current active one (requested -> active):
  custom:container-demuxer-ogg: 62fdf1f143b41e24485cea50d1cbac27 -> 
  custom:video-decoder-ogg-theora: a1e56fd34408186e4bbccfd4996cb3dc -> 
  custom:container-demuxer-webm: 4f35f7cbe854078d1ac9338744f61a02 -> 
  custom:container-muxer-webm: aa71ff27fc2769a1b78a27578f13a17b -> 
  custom:video-decoder-webm-vp8: 9c59270c3fd7afecdb556c50c9e8de78 -> 
  custom:AudioImporter_EditorPlatform: 3918e3fc78b5a79bad01e8451be0beb8 -> 
  custom:framework-osx-AVFoundation: e770b220cccbd017edd2c1fefb359320 -> 
  custom:video-encoder-webm-vp8: eb34c28f22e8b96e1ab97ce403110664 -> 
  custom:audio-decoder-ogg-vorbis: bf7c407c2cedff20999df2af8eb42d56 -> 
  custom:audio-encoder-webm-vorbis: bf7c407c2cedff20999df2af8eb42d56 -> 
========================================================================
Received Prepare
Begin MonoManager ReloadAssembly
Symbol file LoadedFromMemory doesn't match image /Users/jasonlin778/Desktop/20250829MahjongGame/Library/PackageCache/com.unity.visualscripting@1.8.0/Editor/VisualScripting.Core/Dependencies/YamlDotNet/Unity.VisualScripting.YamlDotNet.dll
Symbol file LoadedFromMemory doesn't match image /Users/jasonlin778/Desktop/20250829MahjongGame/Library/PackageCache/com.unity.visualscripting@1.8.0/Editor/VisualScripting.Core/Dependencies/DotNetZip/Unity.VisualScripting.IonicZip.dll
- Loaded All Assemblies, in  1.010 seconds
Refreshing native plugins compatible for Editor in 1.78 ms, found 2 plugins.
Native extension for WindowsStandalone target not found
Native extension for Android target not found
Native extension for OSXStandalone target not found
Native extension for WebGL target not found
Mono: successfully reloaded assembly
- Finished resetting the current domain, in  1.704 seconds
Domain Reload Profiling: 2716ms
	BeginReloadAssembly (222ms)
		ExecutionOrderSort (0ms)
		DisableScriptedObjects (9ms)
		BackupInstance (0ms)
		ReleaseScriptingObjects (0ms)
		CreateAndSetChildDomain (89ms)
	RebuildCommonClasses (60ms)
	RebuildNativeTypeToScriptingClass (19ms)
	initialDomainReloadingComplete (35ms)
	LoadAllAssembliesAndSetupDomain (675ms)
		LoadAssemblies (338ms)
		RebuildTransferFunctionScriptingTraits (0ms)
		AnalyzeDomain (419ms)
			TypeCache.Refresh (413ms)
				TypeCache.ScanAssembly (403ms)
			ScanForSourceGeneratedMonoScriptInfo (0ms)
			ResolveRequiredComponents (6ms)
	FinalizeReload (1705ms)
		ReleaseScriptCaches (0ms)
		RebuildScriptCaches (0ms)
		SetupLoadedEditorAssemblies (590ms)
			LogAssemblyErrors (0ms)
			InitializePlatformSupportModulesInManaged (39ms)
			SetLoadedEditorAssemblies (7ms)
			RefreshPlugins (0ms)
			BeforeProcessingInitializeOnLoad (77ms)
			ProcessInitializeOnLoadAttributes (433ms)
			ProcessInitializeOnLoadMethodAttributes (33ms)
			AfterProcessingInitializeOnLoad (1ms)
			EditorAssembliesLoaded (0ms)
		ExecutionOrderSort2 (0ms)
		AwakeInstancesAfterBackupRestoration (9ms)
Refreshing native plugins compatible for Editor in 1.26 ms, found 2 plugins.
Preloading 0 native plugins for Editor in 0.00 ms.
Unloading 3227 Unused Serialized files (Serialized files now loaded: 0)
Unloading 32 unused Assets / (0.6 MB). Loaded Objects now: 3810.
Memory consumption went from 212.2 MB to 211.6 MB.
Total: 6.520833 ms (FindLiveObjects: 0.702326 ms CreateObjectMapping: 0.368966 ms MarkObjects: 4.995146 ms  DeleteObjects: 0.453016 ms)

Prepare: number of updated asset objects reloaded= 0
AssetImportParameters requested are different than current active one (requested -> active):
  custom:container-demuxer-ogg: 62fdf1f143b41e24485cea50d1cbac27 -> 
  custom:video-decoder-ogg-theora: a1e56fd34408186e4bbccfd4996cb3dc -> 
  custom:container-demuxer-webm: 4f35f7cbe854078d1ac9338744f61a02 -> 
  custom:container-muxer-webm: aa71ff27fc2769a1b78a27578f13a17b -> 
  custom:video-decoder-webm-vp8: 9c59270c3fd7afecdb556c50c9e8de78 -> 
  custom:AudioImporter_EditorPlatform: 3918e3fc78b5a79bad01e8451be0beb8 -> 
  custom:framework-osx-AVFoundation: e770b220cccbd017edd2c1fefb359320 -> 
  custom:video-encoder-webm-vp8: eb34c28f22e8b96e1ab97ce403110664 -> 
  custom:audio-decoder-ogg-vorbis: bf7c407c2cedff20999df2af8eb42d56 -> 
  custom:audio-encoder-webm-vorbis: bf7c407c2cedff20999df2af8eb42d56 -> 
========================================================================
Received Prepare
Begin MonoManager ReloadAssembly
Symbol file LoadedFromMemory doesn't match image /Users/jasonlin778/Desktop/20250829MahjongGame/Library/PackageCache/com.unity.visualscripting@1.8.0/Editor/VisualScripting.Core/Dependencies/YamlDotNet/Unity.VisualScripting.YamlDotNet.dll
Symbol file LoadedFromMemory doesn't match image /Users/jasonlin778/Desktop/20250829MahjongGame/Library/PackageCache/com.unity.visualscripting@1.8.0/Editor/VisualScripting.Core/Dependencies/DotNetZip/Unity.VisualScripting.IonicZip.dll
- Loaded All Assemblies, in  1.494 seconds
Refreshing native plugins compatible for Editor in 1.79 ms, found 2 plugins.
Native extension for WindowsStandalone target not found
Native extension for Android target not found
Native extension for OSXStandalone target not found
Native extension for WebGL target not found
Mono: successfully reloaded assembly
- Finished resetting the current domain, in  1.884 seconds
Domain Reload Profiling: 3378ms
	BeginReloadAssembly (392ms)
		ExecutionOrderSort (0ms)
		DisableScriptedObjects (11ms)
		BackupInstance (0ms)
		ReleaseScriptingObjects (0ms)
		CreateAndSetChildDomain (168ms)
	RebuildCommonClasses (58ms)
	RebuildNativeTypeToScriptingClass (22ms)
	initialDomainReloadingComplete (51ms)
	LoadAllAssembliesAndSetupDomain (971ms)
		LoadAssemblies (484ms)
		RebuildTransferFunctionScriptingTraits (0ms)
		AnalyzeDomain (649ms)
			TypeCache.Refresh (633ms)
				TypeCache.ScanAssembly (589ms)
			ScanForSourceGeneratedMonoScriptInfo (8ms)
			ResolveRequiredComponents (7ms)
	FinalizeReload (1884ms)
		ReleaseScriptCaches (0ms)
		RebuildScriptCaches (0ms)
		SetupLoadedEditorAssemblies (547ms)
			LogAssemblyErrors (0ms)
			InitializePlatformSupportModulesInManaged (34ms)
			SetLoadedEditorAssemblies (6ms)
			RefreshPlugins (0ms)
			BeforeProcessingInitializeOnLoad (72ms)
			ProcessInitializeOnLoadAttributes (402ms)
			ProcessInitializeOnLoadMethodAttributes (30ms)
			AfterProcessingInitializeOnLoad (3ms)
			EditorAssembliesLoaded (0ms)
		ExecutionOrderSort2 (0ms)
		AwakeInstancesAfterBackupRestoration (6ms)
Refreshing native plugins compatible for Editor in 1.57 ms, found 2 plugins.
Preloading 0 native plugins for Editor in 0.00 ms.
Unloading 3227 Unused Serialized files (Serialized files now loaded: 0)
Unloading 32 unused Assets / (0.6 MB). Loaded Objects now: 3813.
Memory consumption went from 215.7 MB to 215.1 MB.
Total: 11.269243 ms (FindLiveObjects: 0.662737 ms CreateObjectMapping: 0.338293 ms MarkObjects: 9.565668 ms  DeleteObjects: 0.700829 ms)

Prepare: number of updated asset objects reloaded= 0
AssetImportParameters requested are different than current active one (requested -> active):
  custom:container-demuxer-ogg: 62fdf1f143b41e24485cea50d1cbac27 -> 
  custom:video-decoder-ogg-theora: a1e56fd34408186e4bbccfd4996cb3dc -> 
  custom:container-demuxer-webm: 4f35f7cbe854078d1ac9338744f61a02 -> 
  custom:container-muxer-webm: aa71ff27fc2769a1b78a27578f13a17b -> 
  custom:video-decoder-webm-vp8: 9c59270c3fd7afecdb556c50c9e8de78 -> 
  custom:AudioImporter_EditorPlatform: 3918e3fc78b5a79bad01e8451be0beb8 -> 
  custom:framework-osx-AVFoundation: e770b220cccbd017edd2c1fefb359320 -> 
  custom:video-encoder-webm-vp8: eb34c28f22e8b96e1ab97ce403110664 -> 
  custom:audio-decoder-ogg-vorbis: bf7c407c2cedff20999df2af8eb42d56 -> 
  custom:audio-encoder-webm-vorbis: bf7c407c2cedff20999df2af8eb42d56 -> 
========================================================================
Received Prepare
Begin MonoManager ReloadAssembly
Symbol file LoadedFromMemory doesn't match image /Users/jasonlin778/Desktop/20250829MahjongGame/Library/PackageCache/com.unity.visualscripting@1.8.0/Editor/VisualScripting.Core/Dependencies/YamlDotNet/Unity.VisualScripting.YamlDotNet.dll
Symbol file LoadedFromMemory doesn't match image /Users/jasonlin778/Desktop/20250829MahjongGame/Library/PackageCache/com.unity.visualscripting@1.8.0/Editor/VisualScripting.Core/Dependencies/DotNetZip/Unity.VisualScripting.IonicZip.dll
- Loaded All Assemblies, in  1.081 seconds
Refreshing native plugins compatible for Editor in 2.36 ms, found 2 plugins.
Native extension for WindowsStandalone target not found
Native extension for Android target not found
Native extension for OSXStandalone target not found
Native extension for WebGL target not found
Mono: successfully reloaded assembly
- Finished resetting the current domain, in  1.559 seconds
Domain Reload Profiling: 2641ms
	BeginReloadAssembly (215ms)
		ExecutionOrderSort (0ms)
		DisableScriptedObjects (9ms)
		BackupInstance (0ms)
		ReleaseScriptingObjects (0ms)
		CreateAndSetChildDomain (82ms)
	RebuildCommonClasses (57ms)
	RebuildNativeTypeToScriptingClass (16ms)
	initialDomainReloadingComplete (42ms)
	LoadAllAssembliesAndSetupDomain (751ms)
		LoadAssemblies (329ms)
		RebuildTransferFunctionScriptingTraits (0ms)
		AnalyzeDomain (508ms)
			TypeCache.Refresh (500ms)
				TypeCache.ScanAssembly (489ms)
			ScanForSourceGeneratedMonoScriptInfo (0ms)
			ResolveRequiredComponents (8ms)
	FinalizeReload (1560ms)
		ReleaseScriptCaches (0ms)
		RebuildScriptCaches (0ms)
		SetupLoadedEditorAssemblies (947ms)
			LogAssemblyErrors (0ms)
			InitializePlatformSupportModulesInManaged (67ms)
			SetLoadedEditorAssemblies (11ms)
			RefreshPlugins (0ms)
			BeforeProcessingInitializeOnLoad (117ms)
			ProcessInitializeOnLoadAttributes (708ms)
			ProcessInitializeOnLoadMethodAttributes (43ms)
			AfterProcessingInitializeOnLoad (2ms)
			EditorAssembliesLoaded (0ms)
		ExecutionOrderSort2 (0ms)
		AwakeInstancesAfterBackupRestoration (9ms)
Refreshing native plugins compatible for Editor in 2.17 ms, found 2 plugins.
Preloading 0 native plugins for Editor in 0.00 ms.
Unloading 3227 Unused Serialized files (Serialized files now loaded: 0)
Unloading 32 unused Assets / (0.6 MB). Loaded Objects now: 3816.
Memory consumption went from 219.7 MB to 219.1 MB.
Total: 9.207096 ms (FindLiveObjects: 0.540283 ms CreateObjectMapping: 0.377807 ms MarkObjects: 7.131094 ms  DeleteObjects: 1.155916 ms)

Prepare: number of updated asset objects reloaded= 0
AssetImportParameters requested are different than current active one (requested -> active):
  custom:container-demuxer-ogg: 62fdf1f143b41e24485cea50d1cbac27 -> 
  custom:video-decoder-ogg-theora: a1e56fd34408186e4bbccfd4996cb3dc -> 
  custom:container-demuxer-webm: 4f35f7cbe854078d1ac9338744f61a02 -> 
  custom:container-muxer-webm: aa71ff27fc2769a1b78a27578f13a17b -> 
  custom:video-decoder-webm-vp8: 9c59270c3fd7afecdb556c50c9e8de78 -> 
  custom:AudioImporter_EditorPlatform: 3918e3fc78b5a79bad01e8451be0beb8 -> 
  custom:framework-osx-AVFoundation: e770b220cccbd017edd2c1fefb359320 -> 
  custom:video-encoder-webm-vp8: eb34c28f22e8b96e1ab97ce403110664 -> 
  custom:audio-decoder-ogg-vorbis: bf7c407c2cedff20999df2af8eb42d56 -> 
  custom:audio-encoder-webm-vorbis: bf7c407c2cedff20999df2af8eb42d56 -> 
========================================================================
Received Prepare
Begin MonoManager ReloadAssembly
Symbol file LoadedFromMemory doesn't match image /Users/jasonlin778/Desktop/20250829MahjongGame/Library/PackageCache/com.unity.visualscripting@1.8.0/Editor/VisualScripting.Core/Dependencies/YamlDotNet/Unity.VisualScripting.YamlDotNet.dll
Symbol file LoadedFromMemory doesn't match image /Users/jasonlin778/Desktop/20250829MahjongGame/Library/PackageCache/com.unity.visualscripting@1.8.0/Editor/VisualScripting.Core/Dependencies/DotNetZip/Unity.VisualScripting.IonicZip.dll
- Loaded All Assemblies, in  1.842 seconds
Refreshing native plugins compatible for Editor in 2.73 ms, found 2 plugins.
Native extension for WindowsStandalone target not found
Native extension for Android target not found
Native extension for OSXStandalone target not found
Native extension for WebGL target not found
Mono: successfully reloaded assembly
- Finished resetting the current domain, in  1.692 seconds
Domain Reload Profiling: 3536ms
	BeginReloadAssembly (527ms)
		ExecutionOrderSort (0ms)
		DisableScriptedObjects (20ms)
		BackupInstance (0ms)
		ReleaseScriptingObjects (0ms)
		CreateAndSetChildDomain (223ms)
	RebuildCommonClasses (74ms)
	RebuildNativeTypeToScriptingClass (19ms)
	initialDomainReloadingComplete (55ms)
	LoadAllAssembliesAndSetupDomain (1168ms)
		LoadAssemblies (662ms)
		RebuildTransferFunctionScriptingTraits (0ms)
		AnalyzeDomain (727ms)
			TypeCache.Refresh (603ms)
				TypeCache.ScanAssembly (555ms)
			ScanForSourceGeneratedMonoScriptInfo (12ms)
			ResolveRequiredComponents (112ms)
	FinalizeReload (1694ms)
		ReleaseScriptCaches (0ms)
		RebuildScriptCaches (0ms)
		SetupLoadedEditorAssemblies (530ms)
			LogAssemblyErrors (0ms)
			InitializePlatformSupportModulesInManaged (32ms)
			SetLoadedEditorAssemblies (5ms)
			RefreshPlugins (0ms)
			BeforeProcessingInitializeOnLoad (63ms)
			ProcessInitializeOnLoadAttributes (385ms)
			ProcessInitializeOnLoadMethodAttributes (43ms)
			AfterProcessingInitializeOnLoad (2ms)
			EditorAssembliesLoaded (0ms)
		ExecutionOrderSort2 (0ms)
		AwakeInstancesAfterBackupRestoration (8ms)
Refreshing native plugins compatible for Editor in 1.63 ms, found 2 plugins.
Preloading 0 native plugins for Editor in 0.00 ms.
Unloading 3227 Unused Serialized files (Serialized files now loaded: 0)
Unloading 32 unused Assets / (0.6 MB). Loaded Objects now: 3819.
Memory consumption went from 223.5 MB to 222.9 MB.
Total: 5.428182 ms (FindLiveObjects: 0.427863 ms CreateObjectMapping: 0.387548 ms MarkObjects: 4.114442 ms  DeleteObjects: 0.497278 ms)

Prepare: number of updated asset objects reloaded= 0
AssetImportParameters requested are different than current active one (requested -> active):
  custom:container-demuxer-ogg: 62fdf1f143b41e24485cea50d1cbac27 -> 
  custom:video-decoder-ogg-theora: a1e56fd34408186e4bbccfd4996cb3dc -> 
  custom:container-demuxer-webm: 4f35f7cbe854078d1ac9338744f61a02 -> 
  custom:container-muxer-webm: aa71ff27fc2769a1b78a27578f13a17b -> 
  custom:video-decoder-webm-vp8: 9c59270c3fd7afecdb556c50c9e8de78 -> 
  custom:AudioImporter_EditorPlatform: 3918e3fc78b5a79bad01e8451be0beb8 -> 
  custom:framework-osx-AVFoundation: e770b220cccbd017edd2c1fefb359320 -> 
  custom:video-encoder-webm-vp8: eb34c28f22e8b96e1ab97ce403110664 -> 
  custom:audio-decoder-ogg-vorbis: bf7c407c2cedff20999df2af8eb42d56 -> 
  custom:audio-encoder-webm-vorbis: bf7c407c2cedff20999df2af8eb42d56 -> 
========================================================================
Received Prepare
Begin MonoManager ReloadAssembly
Symbol file LoadedFromMemory doesn't match image /Users/jasonlin778/Desktop/20250829MahjongGame/Library/PackageCache/com.unity.visualscripting@1.8.0/Editor/VisualScripting.Core/Dependencies/YamlDotNet/Unity.VisualScripting.YamlDotNet.dll
Symbol file LoadedFromMemory doesn't match image /Users/jasonlin778/Desktop/20250829MahjongGame/Library/PackageCache/com.unity.visualscripting@1.8.0/Editor/VisualScripting.Core/Dependencies/DotNetZip/Unity.VisualScripting.IonicZip.dll
- Loaded All Assemblies, in  0.967 seconds
Refreshing native plugins compatible for Editor in 1.58 ms, found 2 plugins.
Native extension for WindowsStandalone target not found
Native extension for Android target not found
Native extension for OSXStandalone target not found
Native extension for WebGL target not found
Mono: successfully reloaded assembly
- Finished resetting the current domain, in  1.099 seconds
Domain Reload Profiling: 2066ms
	BeginReloadAssembly (196ms)
		ExecutionOrderSort (0ms)
		DisableScriptedObjects (7ms)
		BackupInstance (0ms)
		ReleaseScriptingObjects (0ms)
		CreateAndSetChildDomain (76ms)
	RebuildCommonClasses (53ms)
	RebuildNativeTypeToScriptingClass (16ms)
	initialDomainReloadingComplete (30ms)
	LoadAllAssembliesAndSetupDomain (672ms)
		LoadAssemblies (337ms)
		RebuildTransferFunctionScriptingTraits (0ms)
		AnalyzeDomain (411ms)
			TypeCache.Refresh (405ms)
				TypeCache.ScanAssembly (395ms)
			ScanForSourceGeneratedMonoScriptInfo (0ms)
			ResolveRequiredComponents (6ms)
	FinalizeReload (1100ms)
		ReleaseScriptCaches (0ms)
		RebuildScriptCaches (0ms)
		SetupLoadedEditorAssemblies (605ms)
			LogAssemblyErrors (0ms)
			InitializePlatformSupportModulesInManaged (47ms)
			SetLoadedEditorAssemblies (10ms)
			RefreshPlugins (0ms)
			BeforeProcessingInitializeOnLoad (95ms)
			ProcessInitializeOnLoadAttributes (420ms)
			ProcessInitializeOnLoadMethodAttributes (31ms)
			AfterProcessingInitializeOnLoad (2ms)
			EditorAssembliesLoaded (0ms)
		ExecutionOrderSort2 (0ms)
		AwakeInstancesAfterBackupRestoration (7ms)
Refreshing native plugins compatible for Editor in 1.30 ms, found 2 plugins.
Preloading 0 native plugins for Editor in 0.00 ms.
Unloading 3227 Unused Serialized files (Serialized files now loaded: 0)
Unloading 32 unused Assets / (0.6 MB). Loaded Objects now: 3822.
Memory consumption went from 227.5 MB to 226.9 MB.
Total: 6.148340 ms (FindLiveObjects: 0.351569 ms CreateObjectMapping: 0.332152 ms MarkObjects: 4.960286 ms  DeleteObjects: 0.503109 ms)

Prepare: number of updated asset objects reloaded= 0
AssetImportParameters requested are different than current active one (requested -> active):
  custom:container-demuxer-ogg: 62fdf1f143b41e24485cea50d1cbac27 -> 
  custom:video-decoder-ogg-theora: a1e56fd34408186e4bbccfd4996cb3dc -> 
  custom:container-demuxer-webm: 4f35f7cbe854078d1ac9338744f61a02 -> 
  custom:container-muxer-webm: aa71ff27fc2769a1b78a27578f13a17b -> 
  custom:video-decoder-webm-vp8: 9c59270c3fd7afecdb556c50c9e8de78 -> 
  custom:AudioImporter_EditorPlatform: 3918e3fc78b5a79bad01e8451be0beb8 -> 
  custom:framework-osx-AVFoundation: e770b220cccbd017edd2c1fefb359320 -> 
  custom:video-encoder-webm-vp8: eb34c28f22e8b96e1ab97ce403110664 -> 
  custom:audio-decoder-ogg-vorbis: bf7c407c2cedff20999df2af8eb42d56 -> 
  custom:audio-encoder-webm-vorbis: bf7c407c2cedff20999df2af8eb42d56 -> 
========================================================================
Received Import Request.
  Time since last request: 2989.930578 seconds.
  path: Assets/Prefabs/Mahjong.prefab
  artifactKey: Guid(636cf6c2635ce4b0f831e35f242710f5) Importer(815301076,1909f56bfc062723c751e8b465ee728b)
Start importing Assets/Prefabs/Mahjong.prefab using Guid(636cf6c2635ce4b0f831e35f242710f5) Importer(815301076,1909f56bfc062723c751e8b465ee728b)  -> (artifact id: 'ec84fb509dd43ffb29b91f18de13e352') in 1.218558 seconds
Number of updated asset objects reloaded before import = 0
Number of asset objects unloaded after import = 15
========================================================================
Received Import Request.
  Time since last request: 4.849157 seconds.
  path: Assets/Prefabs/Mahjong.prefab
  artifactKey: Guid(636cf6c2635ce4b0f831e35f242710f5) Importer(815301076,1909f56bfc062723c751e8b465ee728b)
Start importing Assets/Prefabs/Mahjong.prefab using Guid(636cf6c2635ce4b0f831e35f242710f5) Importer(815301076,1909f56bfc062723c751e8b465ee728b)  -> (artifact id: 'f622eb3c250a508575412f80f4ada5cf') in 0.042984 seconds
Number of updated asset objects reloaded before import = 0
Number of asset objects unloaded after import = 15
========================================================================
Received Import Request.
  Time since last request: 6.166969 seconds.
  path: Assets/Prefabs/Mahjong.prefab
  artifactKey: Guid(636cf6c2635ce4b0f831e35f242710f5) Importer(815301076,1909f56bfc062723c751e8b465ee728b)
Start importing Assets/Prefabs/Mahjong.prefab using Guid(636cf6c2635ce4b0f831e35f242710f5) Importer(815301076,1909f56bfc062723c751e8b465ee728b)  -> (artifact id: '03c1b0891a8e4d7a29c0b2fce99497d3') in 0.089204 seconds
Number of updated asset objects reloaded before import = 0
Number of asset objects unloaded after import = 15
========================================================================
Received Import Request.
  Time since last request: 3.621319 seconds.
  path: Assets/Prefabs/Mahjong.prefab
  artifactKey: Guid(636cf6c2635ce4b0f831e35f242710f5) Importer(815301076,1909f56bfc062723c751e8b465ee728b)
Start importing Assets/Prefabs/Mahjong.prefab using Guid(636cf6c2635ce4b0f831e35f242710f5) Importer(815301076,1909f56bfc062723c751e8b465ee728b)  -> (artifact id: '6841592a649b049ee906a21f2d5fde89') in 0.053794 seconds
Number of updated asset objects reloaded before import = 0
Number of asset objects unloaded after import = 15
========================================================================
Received Import Request.
  Time since last request: 3.240274 seconds.
  path: Assets/Prefabs/Mahjong.prefab
  artifactKey: Guid(636cf6c2635ce4b0f831e35f242710f5) Importer(815301076,1909f56bfc062723c751e8b465ee728b)
Start importing Assets/Prefabs/Mahjong.prefab using Guid(636cf6c2635ce4b0f831e35f242710f5) Importer(815301076,1909f56bfc062723c751e8b465ee728b)  -> (artifact id: 'fba22fe21f451db75e2c9790e81f94db') in 0.038206 seconds
Number of updated asset objects reloaded before import = 0
Number of asset objects unloaded after import = 15
========================================================================
Received Prepare
Begin MonoManager ReloadAssembly
Symbol file LoadedFromMemory doesn't match image /Users/jasonlin778/Desktop/20250829MahjongGame/Library/PackageCache/com.unity.visualscripting@1.8.0/Editor/VisualScripting.Core/Dependencies/YamlDotNet/Unity.VisualScripting.YamlDotNet.dll
Symbol file LoadedFromMemory doesn't match image /Users/jasonlin778/Desktop/20250829MahjongGame/Library/PackageCache/com.unity.visualscripting@1.8.0/Editor/VisualScripting.Core/Dependencies/DotNetZip/Unity.VisualScripting.IonicZip.dll
- Loaded All Assemblies, in  1.908 seconds
Refreshing native plugins compatible for Editor in 1.79 ms, found 2 plugins.
Native extension for WindowsStandalone target not found
Native extension for Android target not found
Native extension for OSXStandalone target not found
Native extension for WebGL target not found
Mono: successfully reloaded assembly
- Finished resetting the current domain, in  1.553 seconds
Domain Reload Profiling: 3462ms
	BeginReloadAssembly (549ms)
		ExecutionOrderSort (0ms)
		DisableScriptedObjects (21ms)
		BackupInstance (0ms)
		ReleaseScriptingObjects (5ms)
		CreateAndSetChildDomain (224ms)
	RebuildCommonClasses (60ms)
	RebuildNativeTypeToScriptingClass (27ms)
	initialDomainReloadingComplete (52ms)
	LoadAllAssembliesAndSetupDomain (1221ms)
		LoadAssemblies (595ms)
		RebuildTransferFunctionScriptingTraits (0ms)
		AnalyzeDomain (823ms)
			TypeCache.Refresh (798ms)
				TypeCache.ScanAssembly (738ms)
			ScanForSourceGeneratedMonoScriptInfo (16ms)
			ResolveRequiredComponents (9ms)
	FinalizeReload (1554ms)
		ReleaseScriptCaches (0ms)
		RebuildScriptCaches (0ms)
		SetupLoadedEditorAssemblies (482ms)
			LogAssemblyErrors (0ms)
			InitializePlatformSupportModulesInManaged (32ms)
			SetLoadedEditorAssemblies (5ms)
			RefreshPlugins (0ms)
			BeforeProcessingInitializeOnLoad (64ms)
			ProcessInitializeOnLoadAttributes (352ms)
			ProcessInitializeOnLoadMethodAttributes (27ms)
			AfterProcessingInitializeOnLoad (1ms)
			EditorAssembliesLoaded (0ms)
		ExecutionOrderSort2 (0ms)
		AwakeInstancesAfterBackupRestoration (8ms)
Refreshing native plugins compatible for Editor in 1.20 ms, found 2 plugins.
Preloading 0 native plugins for Editor in 0.00 ms.
Unloading 3227 Unused Serialized files (Serialized files now loaded: 0)
Unloading 32 unused Assets / (0.6 MB). Loaded Objects now: 3825.
Memory consumption went from 230.2 MB to 229.6 MB.
Total: 4.604839 ms (FindLiveObjects: 0.321403 ms CreateObjectMapping: 0.291484 ms MarkObjects: 3.544074 ms  DeleteObjects: 0.446694 ms)

Prepare: number of updated asset objects reloaded= 0
AssetImportParameters requested are different than current active one (requested -> active):
  custom:container-demuxer-ogg: 62fdf1f143b41e24485cea50d1cbac27 -> 
  custom:video-decoder-ogg-theora: a1e56fd34408186e4bbccfd4996cb3dc -> 
  custom:container-demuxer-webm: 4f35f7cbe854078d1ac9338744f61a02 -> 
  custom:container-muxer-webm: aa71ff27fc2769a1b78a27578f13a17b -> 
  custom:video-decoder-webm-vp8: 9c59270c3fd7afecdb556c50c9e8de78 -> 
  custom:AudioImporter_EditorPlatform: 3918e3fc78b5a79bad01e8451be0beb8 -> 
  custom:framework-osx-AVFoundation: e770b220cccbd017edd2c1fefb359320 -> 
  custom:video-encoder-webm-vp8: eb34c28f22e8b96e1ab97ce403110664 -> 
  custom:audio-decoder-ogg-vorbis: bf7c407c2cedff20999df2af8eb42d56 -> 
  custom:audio-encoder-webm-vorbis: bf7c407c2cedff20999df2af8eb42d56 -> 
========================================================================
Received Prepare
Begin MonoManager ReloadAssembly
Symbol file LoadedFromMemory doesn't match image /Users/jasonlin778/Desktop/20250829MahjongGame/Library/PackageCache/com.unity.visualscripting@1.8.0/Editor/VisualScripting.Core/Dependencies/YamlDotNet/Unity.VisualScripting.YamlDotNet.dll
Symbol file LoadedFromMemory doesn't match image /Users/jasonlin778/Desktop/20250829MahjongGame/Library/PackageCache/com.unity.visualscripting@1.8.0/Editor/VisualScripting.Core/Dependencies/DotNetZip/Unity.VisualScripting.IonicZip.dll
- Loaded All Assemblies, in  1.443 seconds
Refreshing native plugins compatible for Editor in 1.23 ms, found 2 plugins.
Native extension for WindowsStandalone target not found
Native extension for Android target not found
Native extension for OSXStandalone target not found
Native extension for WebGL target not found
Mono: successfully reloaded assembly
- Finished resetting the current domain, in  1.672 seconds
Domain Reload Profiling: 3116ms
	BeginReloadAssembly (334ms)
		ExecutionOrderSort (0ms)
		DisableScriptedObjects (12ms)
		BackupInstance (0ms)
		ReleaseScriptingObjects (0ms)
		CreateAndSetChildDomain (155ms)
	RebuildCommonClasses (69ms)
	RebuildNativeTypeToScriptingClass (17ms)
	initialDomainReloadingComplete (73ms)
	LoadAllAssembliesAndSetupDomain (949ms)
		LoadAssemblies (506ms)
		RebuildTransferFunctionScriptingTraits (0ms)
		AnalyzeDomain (555ms)
			TypeCache.Refresh (545ms)
				TypeCache.ScanAssembly (502ms)
			ScanForSourceGeneratedMonoScriptInfo (4ms)
			ResolveRequiredComponents (6ms)
	FinalizeReload (1672ms)
		ReleaseScriptCaches (0ms)
		RebuildScriptCaches (0ms)
		SetupLoadedEditorAssemblies (530ms)
			LogAssemblyErrors (0ms)
			InitializePlatformSupportModulesInManaged (43ms)
			SetLoadedEditorAssemblies (6ms)
			RefreshPlugins (0ms)
			BeforeProcessingInitializeOnLoad (91ms)
			ProcessInitializeOnLoadAttributes (364ms)
			ProcessInitializeOnLoadMethodAttributes (25ms)
			AfterProcessingInitializeOnLoad (1ms)
			EditorAssembliesLoaded (0ms)
		ExecutionOrderSort2 (0ms)
		AwakeInstancesAfterBackupRestoration (5ms)
Refreshing native plugins compatible for Editor in 1.30 ms, found 2 plugins.
Preloading 0 native plugins for Editor in 0.00 ms.
Unloading 3227 Unused Serialized files (Serialized files now loaded: 0)
Unloading 32 unused Assets / (0.6 MB). Loaded Objects now: 3828.
Memory consumption went from 234.3 MB to 233.6 MB.
Total: 4.754530 ms (FindLiveObjects: 0.409967 ms CreateObjectMapping: 0.254549 ms MarkObjects: 3.645055 ms  DeleteObjects: 0.443990 ms)

Prepare: number of updated asset objects reloaded= 0
AssetImportParameters requested are different than current active one (requested -> active):
  custom:container-demuxer-ogg: 62fdf1f143b41e24485cea50d1cbac27 -> 
  custom:video-decoder-ogg-theora: a1e56fd34408186e4bbccfd4996cb3dc -> 
  custom:container-demuxer-webm: 4f35f7cbe854078d1ac9338744f61a02 -> 
  custom:container-muxer-webm: aa71ff27fc2769a1b78a27578f13a17b -> 
  custom:video-decoder-webm-vp8: 9c59270c3fd7afecdb556c50c9e8de78 -> 
  custom:AudioImporter_EditorPlatform: 3918e3fc78b5a79bad01e8451be0beb8 -> 
  custom:framework-osx-AVFoundation: e770b220cccbd017edd2c1fefb359320 -> 
  custom:video-encoder-webm-vp8: eb34c28f22e8b96e1ab97ce403110664 -> 
  custom:audio-decoder-ogg-vorbis: bf7c407c2cedff20999df2af8eb42d56 -> 
  custom:audio-encoder-webm-vorbis: bf7c407c2cedff20999df2af8eb42d56 -> 
========================================================================
Received Prepare
Begin MonoManager ReloadAssembly
Symbol file LoadedFromMemory doesn't match image /Users/jasonlin778/Desktop/20250829MahjongGame/Library/PackageCache/com.unity.visualscripting@1.8.0/Editor/VisualScripting.Core/Dependencies/YamlDotNet/Unity.VisualScripting.YamlDotNet.dll
Symbol file LoadedFromMemory doesn't match image /Users/jasonlin778/Desktop/20250829MahjongGame/Library/PackageCache/com.unity.visualscripting@1.8.0/Editor/VisualScripting.Core/Dependencies/DotNetZip/Unity.VisualScripting.IonicZip.dll
- Loaded All Assemblies, in  0.932 seconds
Refreshing native plugins compatible for Editor in 1.32 ms, found 2 plugins.
Native extension for WindowsStandalone target not found
Native extension for Android target not found
Native extension for OSXStandalone target not found
Native extension for WebGL target not found
Mono: successfully reloaded assembly
- Finished resetting the current domain, in  0.901 seconds
Domain Reload Profiling: 1834ms
	BeginReloadAssembly (190ms)
		ExecutionOrderSort (0ms)
		DisableScriptedObjects (8ms)
		BackupInstance (0ms)
		ReleaseScriptingObjects (0ms)
		CreateAndSetChildDomain (72ms)
	RebuildCommonClasses (50ms)
	RebuildNativeTypeToScriptingClass (15ms)
	initialDomainReloadingComplete (30ms)
	LoadAllAssembliesAndSetupDomain (647ms)
		LoadAssemblies (305ms)
		RebuildTransferFunctionScriptingTraits (0ms)
		AnalyzeDomain (416ms)
			TypeCache.Refresh (410ms)
				TypeCache.ScanAssembly (400ms)
			ScanForSourceGeneratedMonoScriptInfo (0ms)
			ResolveRequiredComponents (6ms)
	FinalizeReload (902ms)
		ReleaseScriptCaches (0ms)
		RebuildScriptCaches (0ms)
		SetupLoadedEditorAssemblies (514ms)
			LogAssemblyErrors (0ms)
			InitializePlatformSupportModulesInManaged (31ms)
			SetLoadedEditorAssemblies (4ms)
			RefreshPlugins (0ms)
			BeforeProcessingInitializeOnLoad (63ms)
			ProcessInitializeOnLoadAttributes (384ms)
			ProcessInitializeOnLoadMethodAttributes (30ms)
			AfterProcessingInitializeOnLoad (2ms)
			EditorAssembliesLoaded (0ms)
		ExecutionOrderSort2 (0ms)
		AwakeInstancesAfterBackupRestoration (5ms)
Refreshing native plugins compatible for Editor in 1.76 ms, found 2 plugins.
Preloading 0 native plugins for Editor in 0.00 ms.
Unloading 3227 Unused Serialized files (Serialized files now loaded: 0)
Unloading 32 unused Assets / (0.6 MB). Loaded Objects now: 3831.
Memory consumption went from 238.3 MB to 237.6 MB.
Total: 5.575612 ms (FindLiveObjects: 0.433890 ms CreateObjectMapping: 0.243922 ms MarkObjects: 4.054230 ms  DeleteObjects: 0.842415 ms)

Prepare: number of updated asset objects reloaded= 0
AssetImportParameters requested are different than current active one (requested -> active):
  custom:container-demuxer-ogg: 62fdf1f143b41e24485cea50d1cbac27 -> 
  custom:video-decoder-ogg-theora: a1e56fd34408186e4bbccfd4996cb3dc -> 
  custom:container-demuxer-webm: 4f35f7cbe854078d1ac9338744f61a02 -> 
  custom:container-muxer-webm: aa71ff27fc2769a1b78a27578f13a17b -> 
  custom:video-decoder-webm-vp8: 9c59270c3fd7afecdb556c50c9e8de78 -> 
  custom:AudioImporter_EditorPlatform: 3918e3fc78b5a79bad01e8451be0beb8 -> 
  custom:framework-osx-AVFoundation: e770b220cccbd017edd2c1fefb359320 -> 
  custom:video-encoder-webm-vp8: eb34c28f22e8b96e1ab97ce403110664 -> 
  custom:audio-decoder-ogg-vorbis: bf7c407c2cedff20999df2af8eb42d56 -> 
  custom:audio-encoder-webm-vorbis: bf7c407c2cedff20999df2af8eb42d56 -> 
========================================================================
Received Prepare
Begin MonoManager ReloadAssembly
Symbol file LoadedFromMemory doesn't match image /Users/jasonlin778/Desktop/20250829MahjongGame/Library/PackageCache/com.unity.visualscripting@1.8.0/Editor/VisualScripting.Core/Dependencies/YamlDotNet/Unity.VisualScripting.YamlDotNet.dll
Symbol file LoadedFromMemory doesn't match image /Users/jasonlin778/Desktop/20250829MahjongGame/Library/PackageCache/com.unity.visualscripting@1.8.0/Editor/VisualScripting.Core/Dependencies/DotNetZip/Unity.VisualScripting.IonicZip.dll
- Loaded All Assemblies, in  1.422 seconds
Refreshing native plugins compatible for Editor in 1.40 ms, found 2 plugins.
Native extension for WindowsStandalone target not found
Native extension for Android target not found
Native extension for OSXStandalone target not found
Native extension for WebGL target not found
Mono: successfully reloaded assembly
- Finished resetting the current domain, in  1.496 seconds
Domain Reload Profiling: 2918ms
	BeginReloadAssembly (338ms)
		ExecutionOrderSort (0ms)
		DisableScriptedObjects (12ms)
		BackupInstance (0ms)
		ReleaseScriptingObjects (0ms)
		CreateAndSetChildDomain (165ms)
	RebuildCommonClasses (72ms)
	RebuildNativeTypeToScriptingClass (18ms)
	initialDomainReloadingComplete (56ms)
	LoadAllAssembliesAndSetupDomain (937ms)
		LoadAssemblies (456ms)
		RebuildTransferFunctionScriptingTraits (0ms)
		AnalyzeDomain (593ms)
			TypeCache.Refresh (582ms)
				TypeCache.ScanAssembly (533ms)
			ScanForSourceGeneratedMonoScriptInfo (5ms)
			ResolveRequiredComponents (6ms)
	FinalizeReload (1497ms)
		ReleaseScriptCaches (0ms)
		RebuildScriptCaches (0ms)
		SetupLoadedEditorAssemblies (448ms)
			LogAssemblyErrors (0ms)
			InitializePlatformSupportModulesInManaged (30ms)
			SetLoadedEditorAssemblies (5ms)
			RefreshPlugins (0ms)
			BeforeProcessingInitializeOnLoad (61ms)
			ProcessInitializeOnLoadAttributes (326ms)
			ProcessInitializeOnLoadMethodAttributes (26ms)
			AfterProcessingInitializeOnLoad (1ms)
			EditorAssembliesLoaded (0ms)
		ExecutionOrderSort2 (0ms)
		AwakeInstancesAfterBackupRestoration (5ms)
Refreshing native plugins compatible for Editor in 1.26 ms, found 2 plugins.
Preloading 0 native plugins for Editor in 0.00 ms.
Unloading 3227 Unused Serialized files (Serialized files now loaded: 0)
Unloading 32 unused Assets / (0.6 MB). Loaded Objects now: 3834.
Memory consumption went from 242.3 MB to 241.7 MB.
Total: 4.459289 ms (FindLiveObjects: 0.286291 ms CreateObjectMapping: 0.200279 ms MarkObjects: 3.524714 ms  DeleteObjects: 0.446919 ms)

Prepare: number of updated asset objects reloaded= 0
AssetImportParameters requested are different than current active one (requested -> active):
  custom:container-demuxer-ogg: 62fdf1f143b41e24485cea50d1cbac27 -> 
  custom:video-decoder-ogg-theora: a1e56fd34408186e4bbccfd4996cb3dc -> 
  custom:container-demuxer-webm: 4f35f7cbe854078d1ac9338744f61a02 -> 
  custom:container-muxer-webm: aa71ff27fc2769a1b78a27578f13a17b -> 
  custom:video-decoder-webm-vp8: 9c59270c3fd7afecdb556c50c9e8de78 -> 
  custom:AudioImporter_EditorPlatform: 3918e3fc78b5a79bad01e8451be0beb8 -> 
  custom:framework-osx-AVFoundation: e770b220cccbd017edd2c1fefb359320 -> 
  custom:video-encoder-webm-vp8: eb34c28f22e8b96e1ab97ce403110664 -> 
  custom:audio-decoder-ogg-vorbis: bf7c407c2cedff20999df2af8eb42d56 -> 
  custom:audio-encoder-webm-vorbis: bf7c407c2cedff20999df2af8eb42d56 -> 
========================================================================
Received Prepare
Begin MonoManager ReloadAssembly
Symbol file LoadedFromMemory doesn't match image /Users/jasonlin778/Desktop/20250829MahjongGame/Library/PackageCache/com.unity.visualscripting@1.8.0/Editor/VisualScripting.Core/Dependencies/YamlDotNet/Unity.VisualScripting.YamlDotNet.dll
Symbol file LoadedFromMemory doesn't match image /Users/jasonlin778/Desktop/20250829MahjongGame/Library/PackageCache/com.unity.visualscripting@1.8.0/Editor/VisualScripting.Core/Dependencies/DotNetZip/Unity.VisualScripting.IonicZip.dll
- Loaded All Assemblies, in  0.970 seconds
Refreshing native plugins compatible for Editor in 1.47 ms, found 2 plugins.
Native extension for WindowsStandalone target not found
Native extension for Android target not found
Native extension for OSXStandalone target not found
Native extension for WebGL target not found
Mono: successfully reloaded assembly
- Finished resetting the current domain, in  0.977 seconds
Domain Reload Profiling: 1947ms
	BeginReloadAssembly (198ms)
		ExecutionOrderSort (0ms)
		DisableScriptedObjects (7ms)
		BackupInstance (0ms)
		ReleaseScriptingObjects (0ms)
		CreateAndSetChildDomain (76ms)
	RebuildCommonClasses (53ms)
	RebuildNativeTypeToScriptingClass (16ms)
	initialDomainReloadingComplete (34ms)
	LoadAllAssembliesAndSetupDomain (669ms)
		LoadAssemblies (320ms)
		RebuildTransferFunctionScriptingTraits (0ms)
		AnalyzeDomain (424ms)
			TypeCache.Refresh (418ms)
				TypeCache.ScanAssembly (407ms)
			ScanForSourceGeneratedMonoScriptInfo (0ms)
			ResolveRequiredComponents (6ms)
	FinalizeReload (977ms)
		ReleaseScriptCaches (0ms)
		RebuildScriptCaches (0ms)
		SetupLoadedEditorAssemblies (556ms)
			LogAssemblyErrors (0ms)
			InitializePlatformSupportModulesInManaged (35ms)
			SetLoadedEditorAssemblies (5ms)
			RefreshPlugins (0ms)
			BeforeProcessingInitializeOnLoad (72ms)
			ProcessInitializeOnLoadAttributes (412ms)
			ProcessInitializeOnLoadMethodAttributes (31ms)
			AfterProcessingInitializeOnLoad (2ms)
			EditorAssembliesLoaded (0ms)
		ExecutionOrderSort2 (0ms)
		AwakeInstancesAfterBackupRestoration (5ms)
Refreshing native plugins compatible for Editor in 1.48 ms, found 2 plugins.
Preloading 0 native plugins for Editor in 0.00 ms.
Unloading 3227 Unused Serialized files (Serialized files now loaded: 0)
Unloading 32 unused Assets / (0.6 MB). Loaded Objects now: 3837.
Memory consumption went from 246.3 MB to 245.7 MB.
Total: 5.176316 ms (FindLiveObjects: 0.406471 ms CreateObjectMapping: 0.226470 ms MarkObjects: 3.965023 ms  DeleteObjects: 0.576983 ms)

Prepare: number of updated asset objects reloaded= 0
AssetImportParameters requested are different than current active one (requested -> active):
  custom:container-demuxer-ogg: 62fdf1f143b41e24485cea50d1cbac27 -> 
  custom:video-decoder-ogg-theora: a1e56fd34408186e4bbccfd4996cb3dc -> 
  custom:container-demuxer-webm: 4f35f7cbe854078d1ac9338744f61a02 -> 
  custom:container-muxer-webm: aa71ff27fc2769a1b78a27578f13a17b -> 
  custom:video-decoder-webm-vp8: 9c59270c3fd7afecdb556c50c9e8de78 -> 
  custom:AudioImporter_EditorPlatform: 3918e3fc78b5a79bad01e8451be0beb8 -> 
  custom:framework-osx-AVFoundation: e770b220cccbd017edd2c1fefb359320 -> 
  custom:video-encoder-webm-vp8: eb34c28f22e8b96e1ab97ce403110664 -> 
  custom:audio-decoder-ogg-vorbis: bf7c407c2cedff20999df2af8eb42d56 -> 
  custom:audio-encoder-webm-vorbis: bf7c407c2cedff20999df2af8eb42d56 -> 
========================================================================
Received Prepare
Begin MonoManager ReloadAssembly
Symbol file LoadedFromMemory doesn't match image /Users/jasonlin778/Desktop/20250829MahjongGame/Library/PackageCache/com.unity.visualscripting@1.8.0/Editor/VisualScripting.Core/Dependencies/YamlDotNet/Unity.VisualScripting.YamlDotNet.dll
Symbol file LoadedFromMemory doesn't match image /Users/jasonlin778/Desktop/20250829MahjongGame/Library/PackageCache/com.unity.visualscripting@1.8.0/Editor/VisualScripting.Core/Dependencies/DotNetZip/Unity.VisualScripting.IonicZip.dll
- Loaded All Assemblies, in  1.266 seconds
Refreshing native plugins compatible for Editor in 1.46 ms, found 2 plugins.
Native extension for WindowsStandalone target not found
Native extension for Android target not found
Native extension for OSXStandalone target not found
Native extension for WebGL target not found
Mono: successfully reloaded assembly
- Finished resetting the current domain, in  1.875 seconds
Domain Reload Profiling: 3142ms
	BeginReloadAssembly (343ms)
		ExecutionOrderSort (0ms)
		DisableScriptedObjects (12ms)
		BackupInstance (0ms)
		ReleaseScriptingObjects (0ms)
		CreateAndSetChildDomain (177ms)
	RebuildCommonClasses (52ms)
	RebuildNativeTypeToScriptingClass (16ms)
	initialDomainReloadingComplete (39ms)
	LoadAllAssembliesAndSetupDomain (815ms)
		LoadAssemblies (369ms)
		RebuildTransferFunctionScriptingTraits (0ms)
		AnalyzeDomain (551ms)
			TypeCache.Refresh (542ms)
				TypeCache.ScanAssembly (506ms)
			ScanForSourceGeneratedMonoScriptInfo (0ms)
			ResolveRequiredComponents (9ms)
	FinalizeReload (1876ms)
		ReleaseScriptCaches (0ms)
		RebuildScriptCaches (0ms)
		SetupLoadedEditorAssemblies (609ms)
			LogAssemblyErrors (0ms)
			InitializePlatformSupportModulesInManaged (42ms)
			SetLoadedEditorAssemblies (6ms)
			RefreshPlugins (0ms)
			BeforeProcessingInitializeOnLoad (79ms)
			ProcessInitializeOnLoadAttributes (446ms)
			ProcessInitializeOnLoadMethodAttributes (36ms)
			AfterProcessingInitializeOnLoad (2ms)
			EditorAssembliesLoaded (0ms)
		ExecutionOrderSort2 (0ms)
		AwakeInstancesAfterBackupRestoration (7ms)
Refreshing native plugins compatible for Editor in 1.88 ms, found 2 plugins.
Preloading 0 native plugins for Editor in 0.00 ms.
Unloading 3227 Unused Serialized files (Serialized files now loaded: 0)
Unloading 32 unused Assets / (0.6 MB). Loaded Objects now: 3840.
Memory consumption went from 250.3 MB to 249.7 MB.
Total: 5.528155 ms (FindLiveObjects: 0.395619 ms CreateObjectMapping: 0.284118 ms MarkObjects: 4.117730 ms  DeleteObjects: 0.729681 ms)

Prepare: number of updated asset objects reloaded= 0
AssetImportParameters requested are different than current active one (requested -> active):
  custom:container-demuxer-ogg: 62fdf1f143b41e24485cea50d1cbac27 -> 
  custom:video-decoder-ogg-theora: a1e56fd34408186e4bbccfd4996cb3dc -> 
  custom:container-demuxer-webm: 4f35f7cbe854078d1ac9338744f61a02 -> 
  custom:container-muxer-webm: aa71ff27fc2769a1b78a27578f13a17b -> 
  custom:video-decoder-webm-vp8: 9c59270c3fd7afecdb556c50c9e8de78 -> 
  custom:AudioImporter_EditorPlatform: 3918e3fc78b5a79bad01e8451be0beb8 -> 
  custom:framework-osx-AVFoundation: e770b220cccbd017edd2c1fefb359320 -> 
  custom:video-encoder-webm-vp8: eb34c28f22e8b96e1ab97ce403110664 -> 
  custom:audio-decoder-ogg-vorbis: bf7c407c2cedff20999df2af8eb42d56 -> 
  custom:audio-encoder-webm-vorbis: bf7c407c2cedff20999df2af8eb42d56 -> 
========================================================================
Received Prepare
Begin MonoManager ReloadAssembly
Symbol file LoadedFromMemory doesn't match image /Users/jasonlin778/Desktop/20250829MahjongGame/Library/PackageCache/com.unity.visualscripting@1.8.0/Editor/VisualScripting.Core/Dependencies/YamlDotNet/Unity.VisualScripting.YamlDotNet.dll
Symbol file LoadedFromMemory doesn't match image /Users/jasonlin778/Desktop/20250829MahjongGame/Library/PackageCache/com.unity.visualscripting@1.8.0/Editor/VisualScripting.Core/Dependencies/DotNetZip/Unity.VisualScripting.IonicZip.dll
- Loaded All Assemblies, in  1.000 seconds
Refreshing native plugins compatible for Editor in 1.42 ms, found 2 plugins.
Native extension for WindowsStandalone target not found
Native extension for Android target not found
Native extension for OSXStandalone target not found
Native extension for WebGL target not found
Mono: successfully reloaded assembly
- Finished resetting the current domain, in  1.482 seconds
Domain Reload Profiling: 2483ms
	BeginReloadAssembly (216ms)
		ExecutionOrderSort (0ms)
		DisableScriptedObjects (8ms)
		BackupInstance (0ms)
		ReleaseScriptingObjects (0ms)
		CreateAndSetChildDomain (86ms)
	RebuildCommonClasses (50ms)
	RebuildNativeTypeToScriptingClass (16ms)
	initialDomainReloadingComplete (30ms)
	LoadAllAssembliesAndSetupDomain (688ms)
		LoadAssemblies (349ms)
		RebuildTransferFunctionScriptingTraits (0ms)
		AnalyzeDomain (424ms)
			TypeCache.Refresh (413ms)
				TypeCache.ScanAssembly (401ms)
			ScanForSourceGeneratedMonoScriptInfo (4ms)
			ResolveRequiredComponents (7ms)
	FinalizeReload (1483ms)
		ReleaseScriptCaches (0ms)
		RebuildScriptCaches (0ms)
		SetupLoadedEditorAssemblies (483ms)
			LogAssemblyErrors (0ms)
			InitializePlatformSupportModulesInManaged (35ms)
			SetLoadedEditorAssemblies (5ms)
			RefreshPlugins (0ms)
			BeforeProcessingInitializeOnLoad (63ms)
			ProcessInitializeOnLoadAttributes (349ms)
			ProcessInitializeOnLoadMethodAttributes (29ms)
			AfterProcessingInitializeOnLoad (1ms)
			EditorAssembliesLoaded (0ms)
		ExecutionOrderSort2 (0ms)
		AwakeInstancesAfterBackupRestoration (5ms)
Refreshing native plugins compatible for Editor in 1.28 ms, found 2 plugins.
Preloading 0 native plugins for Editor in 0.00 ms.
Unloading 3227 Unused Serialized files (Serialized files now loaded: 0)
Unloading 32 unused Assets / (0.6 MB). Loaded Objects now: 3843.
Memory consumption went from 254.3 MB to 253.7 MB.
Total: 4.143398 ms (FindLiveObjects: 0.461520 ms CreateObjectMapping: 0.258004 ms MarkObjects: 3.013431 ms  DeleteObjects: 0.409473 ms)

Prepare: number of updated asset objects reloaded= 0
AssetImportParameters requested are different than current active one (requested -> active):
  custom:container-demuxer-ogg: 62fdf1f143b41e24485cea50d1cbac27 -> 
  custom:video-decoder-ogg-theora: a1e56fd34408186e4bbccfd4996cb3dc -> 
  custom:container-demuxer-webm: 4f35f7cbe854078d1ac9338744f61a02 -> 
  custom:container-muxer-webm: aa71ff27fc2769a1b78a27578f13a17b -> 
  custom:video-decoder-webm-vp8: 9c59270c3fd7afecdb556c50c9e8de78 -> 
  custom:AudioImporter_EditorPlatform: 3918e3fc78b5a79bad01e8451be0beb8 -> 
  custom:framework-osx-AVFoundation: e770b220cccbd017edd2c1fefb359320 -> 
  custom:video-encoder-webm-vp8: eb34c28f22e8b96e1ab97ce403110664 -> 
  custom:audio-decoder-ogg-vorbis: bf7c407c2cedff20999df2af8eb42d56 -> 
  custom:audio-encoder-webm-vorbis: bf7c407c2cedff20999df2af8eb42d56 -> 
========================================================================
Received Prepare
Begin MonoManager ReloadAssembly
Symbol file LoadedFromMemory doesn't match image /Users/jasonlin778/Desktop/20250829MahjongGame/Library/PackageCache/com.unity.visualscripting@1.8.0/Editor/VisualScripting.Core/Dependencies/YamlDotNet/Unity.VisualScripting.YamlDotNet.dll
Symbol file LoadedFromMemory doesn't match image /Users/jasonlin778/Desktop/20250829MahjongGame/Library/PackageCache/com.unity.visualscripting@1.8.0/Editor/VisualScripting.Core/Dependencies/DotNetZip/Unity.VisualScripting.IonicZip.dll
- Loaded All Assemblies, in  0.927 seconds
Refreshing native plugins compatible for Editor in 1.54 ms, found 2 plugins.
Native extension for WindowsStandalone target not found
Native extension for Android target not found
Native extension for OSXStandalone target not found
Native extension for WebGL target not found
Mono: successfully reloaded assembly
- Finished resetting the current domain, in  0.993 seconds
Domain Reload Profiling: 1921ms
	BeginReloadAssembly (205ms)
		ExecutionOrderSort (0ms)
		DisableScriptedObjects (8ms)
		BackupInstance (0ms)
		ReleaseScriptingObjects (0ms)
		CreateAndSetChildDomain (83ms)
	RebuildCommonClasses (51ms)
	RebuildNativeTypeToScriptingClass (15ms)
	initialDomainReloadingComplete (29ms)
	LoadAllAssembliesAndSetupDomain (627ms)
		LoadAssemblies (298ms)
		RebuildTransferFunctionScriptingTraits (0ms)
		AnalyzeDomain (406ms)
			TypeCache.Refresh (400ms)
				TypeCache.ScanAssembly (390ms)
			ScanForSourceGeneratedMonoScriptInfo (0ms)
			ResolveRequiredComponents (6ms)
	FinalizeReload (994ms)
		ReleaseScriptCaches (0ms)
		RebuildScriptCaches (0ms)
		SetupLoadedEditorAssemblies (575ms)
			LogAssemblyErrors (0ms)
			InitializePlatformSupportModulesInManaged (35ms)
			SetLoadedEditorAssemblies (5ms)
			RefreshPlugins (0ms)
			BeforeProcessingInitializeOnLoad (76ms)
			ProcessInitializeOnLoadAttributes (425ms)
			ProcessInitializeOnLoadMethodAttributes (32ms)
			AfterProcessingInitializeOnLoad (2ms)
			EditorAssembliesLoaded (0ms)
		ExecutionOrderSort2 (0ms)
		AwakeInstancesAfterBackupRestoration (7ms)
Refreshing native plugins compatible for Editor in 1.79 ms, found 2 plugins.
Preloading 0 native plugins for Editor in 0.00 ms.
Unloading 3227 Unused Serialized files (Serialized files now loaded: 0)
Unloading 32 unused Assets / (0.6 MB). Loaded Objects now: 3846.
Memory consumption went from 258.3 MB to 257.7 MB.
Total: 6.208434 ms (FindLiveObjects: 0.527000 ms CreateObjectMapping: 0.285822 ms MarkObjects: 4.547764 ms  DeleteObjects: 0.846539 ms)

Prepare: number of updated asset objects reloaded= 0
AssetImportParameters requested are different than current active one (requested -> active):
  custom:container-demuxer-ogg: 62fdf1f143b41e24485cea50d1cbac27 -> 
  custom:video-decoder-ogg-theora: a1e56fd34408186e4bbccfd4996cb3dc -> 
  custom:container-demuxer-webm: 4f35f7cbe854078d1ac9338744f61a02 -> 
  custom:container-muxer-webm: aa71ff27fc2769a1b78a27578f13a17b -> 
  custom:video-decoder-webm-vp8: 9c59270c3fd7afecdb556c50c9e8de78 -> 
  custom:AudioImporter_EditorPlatform: 3918e3fc78b5a79bad01e8451be0beb8 -> 
  custom:framework-osx-AVFoundation: e770b220cccbd017edd2c1fefb359320 -> 
  custom:video-encoder-webm-vp8: eb34c28f22e8b96e1ab97ce403110664 -> 
  custom:audio-decoder-ogg-vorbis: bf7c407c2cedff20999df2af8eb42d56 -> 
  custom:audio-encoder-webm-vorbis: bf7c407c2cedff20999df2af8eb42d56 -> 
========================================================================
Received Prepare
Begin MonoManager ReloadAssembly
Symbol file LoadedFromMemory doesn't match image /Users/jasonlin778/Desktop/20250829MahjongGame/Library/PackageCache/com.unity.visualscripting@1.8.0/Editor/VisualScripting.Core/Dependencies/YamlDotNet/Unity.VisualScripting.YamlDotNet.dll
Symbol file LoadedFromMemory doesn't match image /Users/jasonlin778/Desktop/20250829MahjongGame/Library/PackageCache/com.unity.visualscripting@1.8.0/Editor/VisualScripting.Core/Dependencies/DotNetZip/Unity.VisualScripting.IonicZip.dll
- Loaded All Assemblies, in  1.882 seconds
Refreshing native plugins compatible for Editor in 4.56 ms, found 2 plugins.
Native extension for WindowsStandalone target not found
Native extension for Android target not found
Native extension for OSXStandalone target not found
Native extension for WebGL target not found
Mono: successfully reloaded assembly
- Finished resetting the current domain, in  2.465 seconds
Domain Reload Profiling: 4347ms
	BeginReloadAssembly (466ms)
		ExecutionOrderSort (0ms)
		DisableScriptedObjects (15ms)
		BackupInstance (0ms)
		ReleaseScriptingObjects (0ms)
		CreateAndSetChildDomain (211ms)
	RebuildCommonClasses (97ms)
	RebuildNativeTypeToScriptingClass (23ms)
	initialDomainReloadingComplete (57ms)
	LoadAllAssembliesAndSetupDomain (1239ms)
		LoadAssemblies (616ms)
		RebuildTransferFunctionScriptingTraits (0ms)
		AnalyzeDomain (798ms)
			TypeCache.Refresh (790ms)
				TypeCache.ScanAssembly (726ms)
			ScanForSourceGeneratedMonoScriptInfo (0ms)
			ResolveRequiredComponents (8ms)
	FinalizeReload (2466ms)
		ReleaseScriptCaches (0ms)
		RebuildScriptCaches (0ms)
		SetupLoadedEditorAssemblies (786ms)
			LogAssemblyErrors (0ms)
			InitializePlatformSupportModulesInManaged (59ms)
			SetLoadedEditorAssemblies (7ms)
			RefreshPlugins (0ms)
			BeforeProcessingInitializeOnLoad (99ms)
			ProcessInitializeOnLoadAttributes (571ms)
			ProcessInitializeOnLoadMethodAttributes (47ms)
			AfterProcessingInitializeOnLoad (3ms)
			EditorAssembliesLoaded (0ms)
		ExecutionOrderSort2 (0ms)
		AwakeInstancesAfterBackupRestoration (10ms)
Refreshing native plugins compatible for Editor in 2.40 ms, found 2 plugins.
Preloading 0 native plugins for Editor in 0.00 ms.
Unloading 3227 Unused Serialized files (Serialized files now loaded: 0)
Unloading 32 unused Assets / (0.6 MB). Loaded Objects now: 3849.
Memory consumption went from 262.3 MB to 261.7 MB.
Total: 8.532775 ms (FindLiveObjects: 0.379935 ms CreateObjectMapping: 0.438830 ms MarkObjects: 7.095441 ms  DeleteObjects: 0.617117 ms)

Prepare: number of updated asset objects reloaded= 0
AssetImportParameters requested are different than current active one (requested -> active):
  custom:container-demuxer-ogg: 62fdf1f143b41e24485cea50d1cbac27 -> 
  custom:video-decoder-ogg-theora: a1e56fd34408186e4bbccfd4996cb3dc -> 
  custom:container-demuxer-webm: 4f35f7cbe854078d1ac9338744f61a02 -> 
  custom:container-muxer-webm: aa71ff27fc2769a1b78a27578f13a17b -> 
  custom:video-decoder-webm-vp8: 9c59270c3fd7afecdb556c50c9e8de78 -> 
  custom:AudioImporter_EditorPlatform: 3918e3fc78b5a79bad01e8451be0beb8 -> 
  custom:framework-osx-AVFoundation: e770b220cccbd017edd2c1fefb359320 -> 
  custom:video-encoder-webm-vp8: eb34c28f22e8b96e1ab97ce403110664 -> 
  custom:audio-decoder-ogg-vorbis: bf7c407c2cedff20999df2af8eb42d56 -> 
  custom:audio-encoder-webm-vorbis: bf7c407c2cedff20999df2af8eb42d56 -> 
========================================================================
Received Prepare
Begin MonoManager ReloadAssembly
Symbol file LoadedFromMemory doesn't match image /Users/jasonlin778/Desktop/20250829MahjongGame/Library/PackageCache/com.unity.visualscripting@1.8.0/Editor/VisualScripting.Core/Dependencies/YamlDotNet/Unity.VisualScripting.YamlDotNet.dll
Symbol file LoadedFromMemory doesn't match image /Users/jasonlin778/Desktop/20250829MahjongGame/Library/PackageCache/com.unity.visualscripting@1.8.0/Editor/VisualScripting.Core/Dependencies/DotNetZip/Unity.VisualScripting.IonicZip.dll
- Loaded All Assemblies, in  4.061 seconds
Refreshing native plugins compatible for Editor in 3.93 ms, found 2 plugins.
Native extension for WindowsStandalone target not found
Native extension for Android target not found
Native extension for OSXStandalone target not found
Native extension for WebGL target not found
Mono: successfully reloaded assembly
- Finished resetting the current domain, in  4.744 seconds
Domain Reload Profiling: 8805ms
	BeginReloadAssembly (779ms)
		ExecutionOrderSort (0ms)
		DisableScriptedObjects (36ms)
		BackupInstance (0ms)
		ReleaseScriptingObjects (0ms)
		CreateAndSetChildDomain (275ms)
	RebuildCommonClasses (179ms)
	RebuildNativeTypeToScriptingClass (55ms)
	initialDomainReloadingComplete (102ms)
	LoadAllAssembliesAndSetupDomain (2945ms)
		LoadAssemblies (1371ms)
		RebuildTransferFunctionScriptingTraits (0ms)
		AnalyzeDomain (1923ms)
			TypeCache.Refresh (1891ms)
				TypeCache.ScanAssembly (1829ms)
			ScanForSourceGeneratedMonoScriptInfo (0ms)
			ResolveRequiredComponents (32ms)
	FinalizeReload (4745ms)
		ReleaseScriptCaches (0ms)
		RebuildScriptCaches (0ms)
		SetupLoadedEditorAssemblies (1987ms)
			LogAssemblyErrors (0ms)
			InitializePlatformSupportModulesInManaged (131ms)
			SetLoadedEditorAssemblies (17ms)
			RefreshPlugins (0ms)
			BeforeProcessingInitializeOnLoad (259ms)
			ProcessInitializeOnLoadAttributes (1478ms)
			ProcessInitializeOnLoadMethodAttributes (96ms)
			AfterProcessingInitializeOnLoad (6ms)
			EditorAssembliesLoaded (0ms)
		ExecutionOrderSort2 (0ms)
		AwakeInstancesAfterBackupRestoration (20ms)
Refreshing native plugins compatible for Editor in 6.89 ms, found 2 plugins.
Preloading 0 native plugins for Editor in 0.00 ms.
Unloading 3227 Unused Serialized files (Serialized files now loaded: 0)
Unloading 32 unused Assets / (0.6 MB). Loaded Objects now: 3852.
Memory consumption went from 266.3 MB to 265.7 MB.
Total: 19.428798 ms (FindLiveObjects: 0.620247 ms CreateObjectMapping: 0.958190 ms MarkObjects: 16.389910 ms  DeleteObjects: 1.457978 ms)

Prepare: number of updated asset objects reloaded= 0
AssetImportParameters requested are different than current active one (requested -> active):
  custom:container-demuxer-ogg: 62fdf1f143b41e24485cea50d1cbac27 -> 
  custom:video-decoder-ogg-theora: a1e56fd34408186e4bbccfd4996cb3dc -> 
  custom:container-demuxer-webm: 4f35f7cbe854078d1ac9338744f61a02 -> 
  custom:container-muxer-webm: aa71ff27fc2769a1b78a27578f13a17b -> 
  custom:video-decoder-webm-vp8: 9c59270c3fd7afecdb556c50c9e8de78 -> 
  custom:AudioImporter_EditorPlatform: 3918e3fc78b5a79bad01e8451be0beb8 -> 
  custom:framework-osx-AVFoundation: e770b220cccbd017edd2c1fefb359320 -> 
  custom:video-encoder-webm-vp8: eb34c28f22e8b96e1ab97ce403110664 -> 
  custom:audio-decoder-ogg-vorbis: bf7c407c2cedff20999df2af8eb42d56 -> 
  custom:audio-encoder-webm-vorbis: bf7c407c2cedff20999df2af8eb42d56 -> 
========================================================================
Received Prepare
Begin MonoManager ReloadAssembly
Symbol file LoadedFromMemory doesn't match image /Users/jasonlin778/Desktop/20250829MahjongGame/Library/PackageCache/com.unity.visualscripting@1.8.0/Editor/VisualScripting.Core/Dependencies/YamlDotNet/Unity.VisualScripting.YamlDotNet.dll
Symbol file LoadedFromMemory doesn't match image /Users/jasonlin778/Desktop/20250829MahjongGame/Library/PackageCache/com.unity.visualscripting@1.8.0/Editor/VisualScripting.Core/Dependencies/DotNetZip/Unity.VisualScripting.IonicZip.dll
- Loaded All Assemblies, in  1.287 seconds
Refreshing native plugins compatible for Editor in 1.23 ms, found 2 plugins.
Native extension for WindowsStandalone target not found
Native extension for Android target not found
Native extension for OSXStandalone target not found
Native extension for WebGL target not found
Mono: successfully reloaded assembly
- Finished resetting the current domain, in  1.573 seconds
Domain Reload Profiling: 2860ms
	BeginReloadAssembly (327ms)
		ExecutionOrderSort (0ms)
		DisableScriptedObjects (13ms)
		BackupInstance (0ms)
		ReleaseScriptingObjects (0ms)
		CreateAndSetChildDomain (160ms)
	RebuildCommonClasses (68ms)
	RebuildNativeTypeToScriptingClass (16ms)
	initialDomainReloadingComplete (41ms)
	LoadAllAssembliesAndSetupDomain (835ms)
		LoadAssemblies (456ms)
		RebuildTransferFunctionScriptingTraits (0ms)
		AnalyzeDomain (479ms)
			TypeCache.Refresh (468ms)
				TypeCache.ScanAssembly (428ms)
			ScanForSourceGeneratedMonoScriptInfo (6ms)
			ResolveRequiredComponents (6ms)
	FinalizeReload (1573ms)
		ReleaseScriptCaches (0ms)
		RebuildScriptCaches (0ms)
		SetupLoadedEditorAssemblies (501ms)
			LogAssemblyErrors (0ms)
			InitializePlatformSupportModulesInManaged (45ms)
			SetLoadedEditorAssemblies (5ms)
			RefreshPlugins (0ms)
			BeforeProcessingInitializeOnLoad (71ms)
			ProcessInitializeOnLoadAttributes (350ms)
			ProcessInitializeOnLoadMethodAttributes (28ms)
			AfterProcessingInitializeOnLoad (1ms)
			EditorAssembliesLoaded (0ms)
		ExecutionOrderSort2 (0ms)
		AwakeInstancesAfterBackupRestoration (7ms)
Refreshing native plugins compatible for Editor in 1.87 ms, found 2 plugins.
Preloading 0 native plugins for Editor in 0.00 ms.
Unloading 3227 Unused Serialized files (Serialized files now loaded: 0)
Unloading 32 unused Assets / (0.6 MB). Loaded Objects now: 3855.
Memory consumption went from 270.0 MB to 269.4 MB.
Total: 6.935651 ms (FindLiveObjects: 0.468756 ms CreateObjectMapping: 0.341457 ms MarkObjects: 5.339392 ms  DeleteObjects: 0.784908 ms)

Prepare: number of updated asset objects reloaded= 0
AssetImportParameters requested are different than current active one (requested -> active):
  custom:container-demuxer-ogg: 62fdf1f143b41e24485cea50d1cbac27 -> 
  custom:video-decoder-ogg-theora: a1e56fd34408186e4bbccfd4996cb3dc -> 
  custom:container-demuxer-webm: 4f35f7cbe854078d1ac9338744f61a02 -> 
  custom:container-muxer-webm: aa71ff27fc2769a1b78a27578f13a17b -> 
  custom:video-decoder-webm-vp8: 9c59270c3fd7afecdb556c50c9e8de78 -> 
  custom:AudioImporter_EditorPlatform: 3918e3fc78b5a79bad01e8451be0beb8 -> 
  custom:framework-osx-AVFoundation: e770b220cccbd017edd2c1fefb359320 -> 
  custom:video-encoder-webm-vp8: eb34c28f22e8b96e1ab97ce403110664 -> 
  custom:audio-decoder-ogg-vorbis: bf7c407c2cedff20999df2af8eb42d56 -> 
  custom:audio-encoder-webm-vorbis: bf7c407c2cedff20999df2af8eb42d56 -> 
========================================================================
Received Prepare
Begin MonoManager ReloadAssembly
Symbol file LoadedFromMemory doesn't match image /Users/jasonlin778/Desktop/20250829MahjongGame/Library/PackageCache/com.unity.visualscripting@1.8.0/Editor/VisualScripting.Core/Dependencies/YamlDotNet/Unity.VisualScripting.YamlDotNet.dll
Symbol file LoadedFromMemory doesn't match image /Users/jasonlin778/Desktop/20250829MahjongGame/Library/PackageCache/com.unity.visualscripting@1.8.0/Editor/VisualScripting.Core/Dependencies/DotNetZip/Unity.VisualScripting.IonicZip.dll
- Loaded All Assemblies, in  1.557 seconds
Refreshing native plugins compatible for Editor in 1.90 ms, found 2 plugins.
Native extension for WindowsStandalone target not found
Native extension for Android target not found
Native extension for OSXStandalone target not found
Native extension for WebGL target not found
Mono: successfully reloaded assembly
- Finished resetting the current domain, in  1.138 seconds
Domain Reload Profiling: 2696ms
	BeginReloadAssembly (237ms)
		ExecutionOrderSort (0ms)
		DisableScriptedObjects (8ms)
		BackupInstance (0ms)
		ReleaseScriptingObjects (0ms)
		CreateAndSetChildDomain (87ms)
	RebuildCommonClasses (62ms)
	RebuildNativeTypeToScriptingClass (18ms)
	initialDomainReloadingComplete (32ms)
	LoadAllAssembliesAndSetupDomain (1208ms)
		LoadAssemblies (477ms)
		RebuildTransferFunctionScriptingTraits (0ms)
		AnalyzeDomain (832ms)
			TypeCache.Refresh (822ms)
				TypeCache.ScanAssembly (800ms)
			ScanForSourceGeneratedMonoScriptInfo (0ms)
			ResolveRequiredComponents (10ms)
	FinalizeReload (1139ms)
		ReleaseScriptCaches (0ms)
		RebuildScriptCaches (0ms)
		SetupLoadedEditorAssemblies (605ms)
			LogAssemblyErrors (0ms)
			InitializePlatformSupportModulesInManaged (49ms)
			SetLoadedEditorAssemblies (5ms)
			RefreshPlugins (0ms)
			BeforeProcessingInitializeOnLoad (76ms)
			ProcessInitializeOnLoadAttributes (438ms)
			ProcessInitializeOnLoadMethodAttributes (34ms)
			AfterProcessingInitializeOnLoad (3ms)
			EditorAssembliesLoaded (0ms)
		ExecutionOrderSort2 (0ms)
		AwakeInstancesAfterBackupRestoration (7ms)
Refreshing native plugins compatible for Editor in 1.98 ms, found 2 plugins.
Preloading 0 native plugins for Editor in 0.00 ms.
Unloading 3227 Unused Serialized files (Serialized files now loaded: 0)
Unloading 32 unused Assets / (0.6 MB). Loaded Objects now: 3858.
Memory consumption went from 274.0 MB to 273.4 MB.
Total: 4.501539 ms (FindLiveObjects: 0.326228 ms CreateObjectMapping: 0.208301 ms MarkObjects: 3.462584 ms  DeleteObjects: 0.503358 ms)

Prepare: number of updated asset objects reloaded= 0
AssetImportParameters requested are different than current active one (requested -> active):
  custom:container-demuxer-ogg: 62fdf1f143b41e24485cea50d1cbac27 -> 
  custom:video-decoder-ogg-theora: a1e56fd34408186e4bbccfd4996cb3dc -> 
  custom:container-demuxer-webm: 4f35f7cbe854078d1ac9338744f61a02 -> 
  custom:container-muxer-webm: aa71ff27fc2769a1b78a27578f13a17b -> 
  custom:video-decoder-webm-vp8: 9c59270c3fd7afecdb556c50c9e8de78 -> 
  custom:AudioImporter_EditorPlatform: 3918e3fc78b5a79bad01e8451be0beb8 -> 
  custom:framework-osx-AVFoundation: e770b220cccbd017edd2c1fefb359320 -> 
  custom:video-encoder-webm-vp8: eb34c28f22e8b96e1ab97ce403110664 -> 
  custom:audio-decoder-ogg-vorbis: bf7c407c2cedff20999df2af8eb42d56 -> 
  custom:audio-encoder-webm-vorbis: bf7c407c2cedff20999df2af8eb42d56 -> 
========================================================================
Received Prepare
Begin MonoManager ReloadAssembly
Symbol file LoadedFromMemory doesn't match image /Users/jasonlin778/Desktop/20250829MahjongGame/Library/PackageCache/com.unity.visualscripting@1.8.0/Editor/VisualScripting.Core/Dependencies/YamlDotNet/Unity.VisualScripting.YamlDotNet.dll
Symbol file LoadedFromMemory doesn't match image /Users/jasonlin778/Desktop/20250829MahjongGame/Library/PackageCache/com.unity.visualscripting@1.8.0/Editor/VisualScripting.Core/Dependencies/DotNetZip/Unity.VisualScripting.IonicZip.dll
- Loaded All Assemblies, in  1.335 seconds
Refreshing native plugins compatible for Editor in 2.49 ms, found 2 plugins.
Native extension for WindowsStandalone target not found
Native extension for Android target not found
Native extension for OSXStandalone target not found
Native extension for WebGL target not found
Mono: successfully reloaded assembly
- Finished resetting the current domain, in  1.938 seconds
Domain Reload Profiling: 3274ms
	BeginReloadAssembly (334ms)
		ExecutionOrderSort (0ms)
		DisableScriptedObjects (13ms)
		BackupInstance (0ms)
		ReleaseScriptingObjects (0ms)
		CreateAndSetChildDomain (165ms)
	RebuildCommonClasses (59ms)
	RebuildNativeTypeToScriptingClass (18ms)
	initialDomainReloadingComplete (39ms)
	LoadAllAssembliesAndSetupDomain (885ms)
		LoadAssemblies (423ms)
		RebuildTransferFunctionScriptingTraits (0ms)
		AnalyzeDomain (564ms)
			TypeCache.Refresh (557ms)
				TypeCache.ScanAssembly (522ms)
			ScanForSourceGeneratedMonoScriptInfo (0ms)
			ResolveRequiredComponents (7ms)
	FinalizeReload (1939ms)
		ReleaseScriptCaches (0ms)
		RebuildScriptCaches (0ms)
		SetupLoadedEditorAssemblies (599ms)
			LogAssemblyErrors (0ms)
			InitializePlatformSupportModulesInManaged (45ms)
			SetLoadedEditorAssemblies (6ms)
			RefreshPlugins (0ms)
			BeforeProcessingInitializeOnLoad (83ms)
			ProcessInitializeOnLoadAttributes (433ms)
			ProcessInitializeOnLoadMethodAttributes (31ms)
			AfterProcessingInitializeOnLoad (1ms)
			EditorAssembliesLoaded (0ms)
		ExecutionOrderSort2 (0ms)
		AwakeInstancesAfterBackupRestoration (6ms)
Refreshing native plugins compatible for Editor in 1.51 ms, found 2 plugins.
Preloading 0 native plugins for Editor in 0.00 ms.
Unloading 3227 Unused Serialized files (Serialized files now loaded: 0)
Unloading 32 unused Assets / (0.6 MB). Loaded Objects now: 3861.
Memory consumption went from 278.0 MB to 277.4 MB.
Total: 6.204519 ms (FindLiveObjects: 0.507464 ms CreateObjectMapping: 0.349136 ms MarkObjects: 4.367289 ms  DeleteObjects: 0.979060 ms)

Prepare: number of updated asset objects reloaded= 0
AssetImportParameters requested are different than current active one (requested -> active):
  custom:container-demuxer-ogg: 62fdf1f143b41e24485cea50d1cbac27 -> 
  custom:video-decoder-ogg-theora: a1e56fd34408186e4bbccfd4996cb3dc -> 
  custom:container-demuxer-webm: 4f35f7cbe854078d1ac9338744f61a02 -> 
  custom:container-muxer-webm: aa71ff27fc2769a1b78a27578f13a17b -> 
  custom:video-decoder-webm-vp8: 9c59270c3fd7afecdb556c50c9e8de78 -> 
  custom:AudioImporter_EditorPlatform: 3918e3fc78b5a79bad01e8451be0beb8 -> 
  custom:framework-osx-AVFoundation: e770b220cccbd017edd2c1fefb359320 -> 
  custom:video-encoder-webm-vp8: eb34c28f22e8b96e1ab97ce403110664 -> 
  custom:audio-decoder-ogg-vorbis: bf7c407c2cedff20999df2af8eb42d56 -> 
  custom:audio-encoder-webm-vorbis: bf7c407c2cedff20999df2af8eb42d56 -> 
========================================================================
Received Import Request.
  Time since last request: 3231.212271 seconds.
  path: Assets/TextMesh Pro/Resources/Fonts & Materials/LiberationSans SDF - Drop Shadow.mat
  artifactKey: Guid(e73a58f6e2794ae7b1b7e50b7fb811b0) Importer(815301076,1909f56bfc062723c751e8b465ee728b)
Start importing Assets/TextMesh Pro/Resources/Fonts & Materials/LiberationSans SDF - Drop Shadow.mat using Guid(e73a58f6e2794ae7b1b7e50b7fb811b0) Importer(815301076,1909f56bfc062723c751e8b465ee728b)  -> (artifact id: '677963d5f3c442a346080d8a90e668fe') in 1.509717 seconds
Number of updated asset objects reloaded before import = 0
Number of asset objects unloaded after import = 2
========================================================================
Received Prepare
Begin MonoManager ReloadAssembly
Symbol file LoadedFromMemory doesn't match image /Users/jasonlin778/Desktop/20250829MahjongGame/Library/PackageCache/com.unity.visualscripting@1.8.0/Editor/VisualScripting.Core/Dependencies/YamlDotNet/Unity.VisualScripting.YamlDotNet.dll
Symbol file LoadedFromMemory doesn't match image /Users/jasonlin778/Desktop/20250829MahjongGame/Library/PackageCache/com.unity.visualscripting@1.8.0/Editor/VisualScripting.Core/Dependencies/DotNetZip/Unity.VisualScripting.IonicZip.dll
- Loaded All Assemblies, in  1.340 seconds
Refreshing native plugins compatible for Editor in 1.31 ms, found 2 plugins.
Native extension for WindowsStandalone target not found
Native extension for Android target not found
Native extension for OSXStandalone target not found
Native extension for WebGL target not found
Mono: successfully reloaded assembly
- Finished resetting the current domain, in  2.030 seconds
Domain Reload Profiling: 3370ms
	BeginReloadAssembly (335ms)
		ExecutionOrderSort (0ms)
		DisableScriptedObjects (10ms)
		BackupInstance (0ms)
		ReleaseScriptingObjects (0ms)
		CreateAndSetChildDomain (147ms)
	RebuildCommonClasses (54ms)
	RebuildNativeTypeToScriptingClass (16ms)
	initialDomainReloadingComplete (43ms)
	LoadAllAssembliesAndSetupDomain (893ms)
		LoadAssemblies (412ms)
		RebuildTransferFunctionScriptingTraits (0ms)
		AnalyzeDomain (613ms)
			TypeCache.Refresh (606ms)
				TypeCache.ScanAssembly (547ms)
			ScanForSourceGeneratedMonoScriptInfo (0ms)
			ResolveRequiredComponents (7ms)
	FinalizeReload (2030ms)
		ReleaseScriptCaches (0ms)
		RebuildScriptCaches (0ms)
		SetupLoadedEditorAssemblies (630ms)
			LogAssemblyErrors (0ms)
			InitializePlatformSupportModulesInManaged (39ms)
			SetLoadedEditorAssemblies (5ms)
			RefreshPlugins (0ms)
			BeforeProcessingInitializeOnLoad (79ms)
			ProcessInitializeOnLoadAttributes (471ms)
			ProcessInitializeOnLoadMethodAttributes (35ms)
			AfterProcessingInitializeOnLoad (2ms)
			EditorAssembliesLoaded (0ms)
		ExecutionOrderSort2 (0ms)
		AwakeInstancesAfterBackupRestoration (6ms)
Refreshing native plugins compatible for Editor in 1.28 ms, found 2 plugins.
Preloading 0 native plugins for Editor in 0.00 ms.
Unloading 3227 Unused Serialized files (Serialized files now loaded: 0)
Unloading 32 unused Assets / (0.6 MB). Loaded Objects now: 3864.
Memory consumption went from 282.5 MB to 281.9 MB.
Total: 7.775946 ms (FindLiveObjects: 1.454734 ms CreateObjectMapping: 0.585476 ms MarkObjects: 4.955941 ms  DeleteObjects: 0.777912 ms)

Prepare: number of updated asset objects reloaded= 0
AssetImportParameters requested are different than current active one (requested -> active):
  custom:container-demuxer-ogg: 62fdf1f143b41e24485cea50d1cbac27 -> 
  custom:video-decoder-ogg-theora: a1e56fd34408186e4bbccfd4996cb3dc -> 
  custom:container-demuxer-webm: 4f35f7cbe854078d1ac9338744f61a02 -> 
  custom:container-muxer-webm: aa71ff27fc2769a1b78a27578f13a17b -> 
  custom:video-decoder-webm-vp8: 9c59270c3fd7afecdb556c50c9e8de78 -> 
  custom:AudioImporter_EditorPlatform: 3918e3fc78b5a79bad01e8451be0beb8 -> 
  custom:framework-osx-AVFoundation: e770b220cccbd017edd2c1fefb359320 -> 
  custom:video-encoder-webm-vp8: eb34c28f22e8b96e1ab97ce403110664 -> 
  custom:audio-decoder-ogg-vorbis: bf7c407c2cedff20999df2af8eb42d56 -> 
  custom:audio-encoder-webm-vorbis: bf7c407c2cedff20999df2af8eb42d56 -> 
========================================================================
Received Prepare
Begin MonoManager ReloadAssembly
Symbol file LoadedFromMemory doesn't match image /Users/jasonlin778/Desktop/20250829MahjongGame/Library/PackageCache/com.unity.visualscripting@1.8.0/Editor/VisualScripting.Core/Dependencies/YamlDotNet/Unity.VisualScripting.YamlDotNet.dll
Symbol file LoadedFromMemory doesn't match image /Users/jasonlin778/Desktop/20250829MahjongGame/Library/PackageCache/com.unity.visualscripting@1.8.0/Editor/VisualScripting.Core/Dependencies/DotNetZip/Unity.VisualScripting.IonicZip.dll
- Loaded All Assemblies, in  1.342 seconds
Refreshing native plugins compatible for Editor in 1.73 ms, found 2 plugins.
Native extension for WindowsStandalone target not found
Native extension for Android target not found
Native extension for OSXStandalone target not found
Native extension for WebGL target not found
Mono: successfully reloaded assembly
- Finished resetting the current domain, in  1.901 seconds
Domain Reload Profiling: 3245ms
	BeginReloadAssembly (322ms)
		ExecutionOrderSort (0ms)
		DisableScriptedObjects (11ms)
		BackupInstance (0ms)
		ReleaseScriptingObjects (0ms)
		CreateAndSetChildDomain (154ms)
	RebuildCommonClasses (56ms)
	RebuildNativeTypeToScriptingClass (16ms)
	initialDomainReloadingComplete (47ms)
	LoadAllAssembliesAndSetupDomain (902ms)
		LoadAssemblies (391ms)
		RebuildTransferFunctionScriptingTraits (0ms)
		AnalyzeDomain (616ms)
			TypeCache.Refresh (604ms)
				TypeCache.ScanAssembly (565ms)
			ScanForSourceGeneratedMonoScriptInfo (1ms)
			ResolveRequiredComponents (11ms)
	FinalizeReload (1902ms)
		ReleaseScriptCaches (0ms)
		RebuildScriptCaches (0ms)
		SetupLoadedEditorAssemblies (601ms)
			LogAssemblyErrors (0ms)
			InitializePlatformSupportModulesInManaged (41ms)
			SetLoadedEditorAssemblies (5ms)
			RefreshPlugins (0ms)
			BeforeProcessingInitializeOnLoad (78ms)
			ProcessInitializeOnLoadAttributes (439ms)
			ProcessInitializeOnLoadMethodAttributes (36ms)
			AfterProcessingInitializeOnLoad (2ms)
			EditorAssembliesLoaded (0ms)
		ExecutionOrderSort2 (0ms)
		AwakeInstancesAfterBackupRestoration (7ms)
Refreshing native plugins compatible for Editor in 1.82 ms, found 2 plugins.
Preloading 0 native plugins for Editor in 0.00 ms.
Unloading 3227 Unused Serialized files (Serialized files now loaded: 0)
Unloading 32 unused Assets / (0.6 MB). Loaded Objects now: 3867.
Memory consumption went from 286.5 MB to 285.9 MB.
Total: 5.724922 ms (FindLiveObjects: 0.469365 ms CreateObjectMapping: 0.280274 ms MarkObjects: 4.390401 ms  DeleteObjects: 0.583560 ms)

Prepare: number of updated asset objects reloaded= 0
AssetImportParameters requested are different than current active one (requested -> active):
  custom:container-demuxer-ogg: 62fdf1f143b41e24485cea50d1cbac27 -> 
  custom:video-decoder-ogg-theora: a1e56fd34408186e4bbccfd4996cb3dc -> 
  custom:container-demuxer-webm: 4f35f7cbe854078d1ac9338744f61a02 -> 
  custom:container-muxer-webm: aa71ff27fc2769a1b78a27578f13a17b -> 
  custom:video-decoder-webm-vp8: 9c59270c3fd7afecdb556c50c9e8de78 -> 
  custom:AudioImporter_EditorPlatform: 3918e3fc78b5a79bad01e8451be0beb8 -> 
  custom:framework-osx-AVFoundation: e770b220cccbd017edd2c1fefb359320 -> 
  custom:video-encoder-webm-vp8: eb34c28f22e8b96e1ab97ce403110664 -> 
  custom:audio-decoder-ogg-vorbis: bf7c407c2cedff20999df2af8eb42d56 -> 
  custom:audio-encoder-webm-vorbis: bf7c407c2cedff20999df2af8eb42d56 -> 
========================================================================
Received Prepare
Begin MonoManager ReloadAssembly
Symbol file LoadedFromMemory doesn't match image /Users/jasonlin778/Desktop/20250829MahjongGame/Library/PackageCache/com.unity.visualscripting@1.8.0/Editor/VisualScripting.Core/Dependencies/YamlDotNet/Unity.VisualScripting.YamlDotNet.dll
Symbol file LoadedFromMemory doesn't match image /Users/jasonlin778/Desktop/20250829MahjongGame/Library/PackageCache/com.unity.visualscripting@1.8.0/Editor/VisualScripting.Core/Dependencies/DotNetZip/Unity.VisualScripting.IonicZip.dll
- Loaded All Assemblies, in  1.516 seconds
Refreshing native plugins compatible for Editor in 1.25 ms, found 2 plugins.
Native extension for WindowsStandalone target not found
Native extension for Android target not found
Native extension for OSXStandalone target not found
Native extension for WebGL target not found
Mono: successfully reloaded assembly
- Finished resetting the current domain, in  1.541 seconds
Domain Reload Profiling: 3056ms
	BeginReloadAssembly (462ms)
		ExecutionOrderSort (0ms)
		DisableScriptedObjects (12ms)
		BackupInstance (0ms)
		ReleaseScriptingObjects (0ms)
		CreateAndSetChildDomain (248ms)
	RebuildCommonClasses (57ms)
	RebuildNativeTypeToScriptingClass (19ms)
	initialDomainReloadingComplete (55ms)
	LoadAllAssembliesAndSetupDomain (922ms)
		LoadAssemblies (448ms)
		RebuildTransferFunctionScriptingTraits (0ms)
		AnalyzeDomain (615ms)
			TypeCache.Refresh (600ms)
				TypeCache.ScanAssembly (553ms)
			ScanForSourceGeneratedMonoScriptInfo (8ms)
			ResolveRequiredComponents (7ms)
	FinalizeReload (1541ms)
		ReleaseScriptCaches (0ms)
		RebuildScriptCaches (0ms)
		SetupLoadedEditorAssemblies (456ms)
			LogAssemblyErrors (0ms)
			InitializePlatformSupportModulesInManaged (31ms)
			SetLoadedEditorAssemblies (4ms)
			RefreshPlugins (0ms)
			BeforeProcessingInitializeOnLoad (62ms)
			ProcessInitializeOnLoadAttributes (332ms)
			ProcessInitializeOnLoadMethodAttributes (25ms)
			AfterProcessingInitializeOnLoad (1ms)
			EditorAssembliesLoaded (0ms)
		ExecutionOrderSort2 (0ms)
		AwakeInstancesAfterBackupRestoration (5ms)
Refreshing native plugins compatible for Editor in 1.24 ms, found 2 plugins.
Preloading 0 native plugins for Editor in 0.00 ms.
Unloading 3227 Unused Serialized files (Serialized files now loaded: 0)
Unloading 32 unused Assets / (0.6 MB). Loaded Objects now: 3870.
Memory consumption went from 290.5 MB to 289.9 MB.
Total: 4.321125 ms (FindLiveObjects: 0.290505 ms CreateObjectMapping: 0.213878 ms MarkObjects: 3.358845 ms  DeleteObjects: 0.456879 ms)

Prepare: number of updated asset objects reloaded= 0
AssetImportParameters requested are different than current active one (requested -> active):
  custom:container-demuxer-ogg: 62fdf1f143b41e24485cea50d1cbac27 -> 
  custom:video-decoder-ogg-theora: a1e56fd34408186e4bbccfd4996cb3dc -> 
  custom:container-demuxer-webm: 4f35f7cbe854078d1ac9338744f61a02 -> 
  custom:container-muxer-webm: aa71ff27fc2769a1b78a27578f13a17b -> 
  custom:video-decoder-webm-vp8: 9c59270c3fd7afecdb556c50c9e8de78 -> 
  custom:AudioImporter_EditorPlatform: 3918e3fc78b5a79bad01e8451be0beb8 -> 
  custom:framework-osx-AVFoundation: e770b220cccbd017edd2c1fefb359320 -> 
  custom:video-encoder-webm-vp8: eb34c28f22e8b96e1ab97ce403110664 -> 
  custom:audio-decoder-ogg-vorbis: bf7c407c2cedff20999df2af8eb42d56 -> 
  custom:audio-encoder-webm-vorbis: bf7c407c2cedff20999df2af8eb42d56 -> 
========================================================================
Received Prepare
Begin MonoManager ReloadAssembly
Symbol file LoadedFromMemory doesn't match image /Users/jasonlin778/Desktop/20250829MahjongGame/Library/PackageCache/com.unity.visualscripting@1.8.0/Editor/VisualScripting.Core/Dependencies/YamlDotNet/Unity.VisualScripting.YamlDotNet.dll
Symbol file LoadedFromMemory doesn't match image /Users/jasonlin778/Desktop/20250829MahjongGame/Library/PackageCache/com.unity.visualscripting@1.8.0/Editor/VisualScripting.Core/Dependencies/DotNetZip/Unity.VisualScripting.IonicZip.dll
- Loaded All Assemblies, in  0.957 seconds
Refreshing native plugins compatible for Editor in 1.42 ms, found 2 plugins.
Native extension for WindowsStandalone target not found
Native extension for Android target not found
Native extension for OSXStandalone target not found
Native extension for WebGL target not found
Mono: successfully reloaded assembly
- Finished resetting the current domain, in  0.965 seconds
Domain Reload Profiling: 1923ms
	BeginReloadAssembly (196ms)
		ExecutionOrderSort (0ms)
		DisableScriptedObjects (9ms)
		BackupInstance (0ms)
		ReleaseScriptingObjects (0ms)
		CreateAndSetChildDomain (75ms)
	RebuildCommonClasses (50ms)
	RebuildNativeTypeToScriptingClass (15ms)
	initialDomainReloadingComplete (30ms)
	LoadAllAssembliesAndSetupDomain (664ms)
		LoadAssemblies (295ms)
		RebuildTransferFunctionScriptingTraits (0ms)
		AnalyzeDomain (444ms)
			TypeCache.Refresh (437ms)
				TypeCache.ScanAssembly (426ms)
			ScanForSourceGeneratedMonoScriptInfo (0ms)
			ResolveRequiredComponents (7ms)
	FinalizeReload (966ms)
		ReleaseScriptCaches (0ms)
		RebuildScriptCaches (0ms)
		SetupLoadedEditorAssemblies (551ms)
			LogAssemblyErrors (0ms)
			InitializePlatformSupportModulesInManaged (36ms)
			SetLoadedEditorAssemblies (6ms)
			RefreshPlugins (0ms)
			BeforeProcessingInitializeOnLoad (69ms)
			ProcessInitializeOnLoadAttributes (406ms)
			ProcessInitializeOnLoadMethodAttributes (32ms)
			AfterProcessingInitializeOnLoad (2ms)
			EditorAssembliesLoaded (0ms)
		ExecutionOrderSort2 (0ms)
		AwakeInstancesAfterBackupRestoration (7ms)
Refreshing native plugins compatible for Editor in 1.90 ms, found 2 plugins.
Preloading 0 native plugins for Editor in 0.00 ms.
Unloading 3227 Unused Serialized files (Serialized files now loaded: 0)
Unloading 32 unused Assets / (0.6 MB). Loaded Objects now: 3873.
Memory consumption went from 294.5 MB to 293.9 MB.
Total: 5.837117 ms (FindLiveObjects: 0.407500 ms CreateObjectMapping: 0.269556 ms MarkObjects: 4.417678 ms  DeleteObjects: 0.741148 ms)

Prepare: number of updated asset objects reloaded= 0
AssetImportParameters requested are different than current active one (requested -> active):
  custom:container-demuxer-ogg: 62fdf1f143b41e24485cea50d1cbac27 -> 
  custom:video-decoder-ogg-theora: a1e56fd34408186e4bbccfd4996cb3dc -> 
  custom:container-demuxer-webm: 4f35f7cbe854078d1ac9338744f61a02 -> 
  custom:container-muxer-webm: aa71ff27fc2769a1b78a27578f13a17b -> 
  custom:video-decoder-webm-vp8: 9c59270c3fd7afecdb556c50c9e8de78 -> 
  custom:AudioImporter_EditorPlatform: 3918e3fc78b5a79bad01e8451be0beb8 -> 
  custom:framework-osx-AVFoundation: e770b220cccbd017edd2c1fefb359320 -> 
  custom:video-encoder-webm-vp8: eb34c28f22e8b96e1ab97ce403110664 -> 
  custom:audio-decoder-ogg-vorbis: bf7c407c2cedff20999df2af8eb42d56 -> 
  custom:audio-encoder-webm-vorbis: bf7c407c2cedff20999df2af8eb42d56 -> 
========================================================================
Received Prepare
Begin MonoManager ReloadAssembly
Symbol file LoadedFromMemory doesn't match image /Users/jasonlin778/Desktop/20250829MahjongGame/Library/PackageCache/com.unity.visualscripting@1.8.0/Editor/VisualScripting.Core/Dependencies/YamlDotNet/Unity.VisualScripting.YamlDotNet.dll
Symbol file LoadedFromMemory doesn't match image /Users/jasonlin778/Desktop/20250829MahjongGame/Library/PackageCache/com.unity.visualscripting@1.8.0/Editor/VisualScripting.Core/Dependencies/DotNetZip/Unity.VisualScripting.IonicZip.dll
- Loaded All Assemblies, in  1.088 seconds
Refreshing native plugins compatible for Editor in 1.45 ms, found 2 plugins.
Native extension for WindowsStandalone target not found
Native extension for Android target not found
Native extension for OSXStandalone target not found
Native extension for WebGL target not found
Mono: successfully reloaded assembly
- Finished resetting the current domain, in  1.729 seconds
Domain Reload Profiling: 2818ms
	BeginReloadAssembly (265ms)
		ExecutionOrderSort (0ms)
		DisableScriptedObjects (11ms)
		BackupInstance (0ms)
		ReleaseScriptingObjects (0ms)
		CreateAndSetChildDomain (127ms)
	RebuildCommonClasses (54ms)
	RebuildNativeTypeToScriptingClass (17ms)
	initialDomainReloadingComplete (34ms)
	LoadAllAssembliesAndSetupDomain (718ms)
		LoadAssemblies (358ms)
		RebuildTransferFunctionScriptingTraits (0ms)
		AnalyzeDomain (439ms)
			TypeCache.Refresh (433ms)
				TypeCache.ScanAssembly (418ms)
			ScanForSourceGeneratedMonoScriptInfo (0ms)
			ResolveRequiredComponents (6ms)
	FinalizeReload (1730ms)
		ReleaseScriptCaches (0ms)
		RebuildScriptCaches (0ms)
		SetupLoadedEditorAssemblies (588ms)
			LogAssemblyErrors (0ms)
			InitializePlatformSupportModulesInManaged (37ms)
			SetLoadedEditorAssemblies (8ms)
			RefreshPlugins (0ms)
			BeforeProcessingInitializeOnLoad (81ms)
			ProcessInitializeOnLoadAttributes (429ms)
			ProcessInitializeOnLoadMethodAttributes (31ms)
			AfterProcessingInitializeOnLoad (2ms)
			EditorAssembliesLoaded (0ms)
		ExecutionOrderSort2 (0ms)
		AwakeInstancesAfterBackupRestoration (9ms)
Refreshing native plugins compatible for Editor in 1.94 ms, found 2 plugins.
Preloading 0 native plugins for Editor in 0.00 ms.
Unloading 3227 Unused Serialized files (Serialized files now loaded: 0)
Unloading 32 unused Assets / (0.6 MB). Loaded Objects now: 3876.
Memory consumption went from 298.5 MB to 297.9 MB.
Total: 5.926582 ms (FindLiveObjects: 0.538808 ms CreateObjectMapping: 0.283042 ms MarkObjects: 4.514982 ms  DeleteObjects: 0.588561 ms)

Prepare: number of updated asset objects reloaded= 0
AssetImportParameters requested are different than current active one (requested -> active):
  custom:container-demuxer-ogg: 62fdf1f143b41e24485cea50d1cbac27 -> 
  custom:video-decoder-ogg-theora: a1e56fd34408186e4bbccfd4996cb3dc -> 
  custom:container-demuxer-webm: 4f35f7cbe854078d1ac9338744f61a02 -> 
  custom:container-muxer-webm: aa71ff27fc2769a1b78a27578f13a17b -> 
  custom:video-decoder-webm-vp8: 9c59270c3fd7afecdb556c50c9e8de78 -> 
  custom:AudioImporter_EditorPlatform: 3918e3fc78b5a79bad01e8451be0beb8 -> 
  custom:framework-osx-AVFoundation: e770b220cccbd017edd2c1fefb359320 -> 
  custom:video-encoder-webm-vp8: eb34c28f22e8b96e1ab97ce403110664 -> 
  custom:audio-decoder-ogg-vorbis: bf7c407c2cedff20999df2af8eb42d56 -> 
  custom:audio-encoder-webm-vorbis: bf7c407c2cedff20999df2af8eb42d56 -> 
